POS,Player,Runs,BF,SR,4s,6s,Against,Venue,Match Date
1,Andre Russell,28,5,560,1,4,RCB,M. Chinnaswamy Stadium,05 April 2019
2,Jos Buttler,28,6,466.66,4,2,MI,Wankhede Stadium,13 April 2019
3,Moeen Ali,26,6,433.33,2,3,KKR,Eden Gardens,19 April 2019
4,KL Rahul,24,6,400,3,2,CSK,IS Bindra Stadium,05 May 2019
5,Chris Gayle,24,6,400,3,2,RCB,IS Bindra Stadium,13 April 2019
6,Sunil Narine,24,5,480,1,3,PBKS,Eden Gardens,27 March 2019
7,Sanju Samson,24,6,400,4,1,SRH,Rajiv Gandhi Intl. Cricket Stadium,29 March 2019
8,MS Dhoni,24,6,400,1,3,RCB,M. Chinnaswamy Stadium,21 April 2019
9,Kane Williamson,23,6,383.33,2,2,RCB,M. Chinnaswamy Stadium,04 May 2019
10,Shane Watson,23,5,460,1,3,DC,ACA-VDCA Stadium,10 May 2019
11,KL Rahul,23,5,460,1,3,MI,Wankhede Stadium,10 April 2019
12,Andre Russell,22,4,550,1,3,PBKS,Eden Gardens,27 March 2019
13,Sam Curran,22,6,366.66,3,1,KKR,IS Bindra Stadium,03 May 2019
14,Chris Gayle,22,5,440,1,3,MI,Wankhede Stadium,10 April 2019
15,Suresh Raina,22,6,366.66,4,1,SRH,Chidambaram,23 April 2019
16,Sunil Narine,22,6,366.66,4,1,RR,Sawai Mansingh Stadium,07 April 2019
17,Andre Russell,21,5,420,2,2,PBKS,Eden Gardens,27 March 2019
18,Rishabh Pant,21,5,420,2,2,SRH,ACA-VDCA Stadium,08 May 2019
19,Andre Russell,21,6,350,2,2,SRH,Eden Gardens,24 March 2019
20,Hardik Pandya,21,6,350,2,2,RCB,Wankhede Stadium,15 April 2019
21,Marcus Stoinis,20,4,500,2,2,PBKS,M. Chinnaswamy Stadium,24 April 2019
22,Andre Russell,20,6,333.33,2,2,MI,Eden Gardens,28 April 2019
23,Liam Livingstone,20,6,333.33,2,2,SRH,Sawai Mansingh Stadium,27 April 2019
24,Quinton de Kock,19,6,316.66,0,3,CSK,Rajiv Gandhi Intl. Cricket Stadium,12 May 2019
25,Nicholas Pooran,19,6,316.66,0,3,RCB,M. Chinnaswamy Stadium,24 April 2019
26,Chris Lynn,19,4,475,0,3,CSK,Eden Gardens,14 April 2019
27,Rishabh Pant,19,5,380,1,2,MI,Wankhede Stadium,24 March 2019
28,Andre Russell,19,5,380,0,3,MI,Eden Gardens,28 April 2019
29,Quinton de Kock,19,5,380,3,1,RR,Sawai Mansingh Stadium,20 April 2019
30,MS Dhoni,19,4,475,0,3,RR,Chidambaram,31 March 2019
31,Kieron Pollard,19,7,271.42,0,3,SRH,Rajiv Gandhi Intl. Cricket Stadium,06 April 2019
32,Dinesh Karthik,19,5,380,3,1,RR,Eden Gardens,25 April 2019
33,Shane Watson,19,5,380,0,3,MI,Rajiv Gandhi Intl. Cricket Stadium,12 May 2019
34,MS Dhoni,19,6,316.66,1,2,DC,Chidambaram,01 May 2019
35,Andre Russell,19,6,316.66,0,3,RCB,M. Chinnaswamy Stadium,05 April 2019
36,Chris Gayle,19,5,380,3,1,RR,Sawai Mansingh Stadium,25 March 2019
37,Jonny Bairstow,18,4,450,1,2,KKR,Rajiv Gandhi Intl. Cricket Stadium,21 April 2019
38,David Warner,18,5,360,1,2,KKR,Rajiv Gandhi Intl. Cricket Stadium,21 April 2019
39,Jos Buttler,18,5,360,3,1,PBKS,Sawai Mansingh Stadium,25 March 2019
40,Andre Russell,18,6,300,0,3,RCB,Eden Gardens,19 April 2019
41,Yuvraj Singh,18,4,450,0,3,RCB,M. Chinnaswamy Stadium,28 March 2019
42,Andre Russell,18,5,360,1,2,SRH,Eden Gardens,24 March 2019
43,Nitish Rana,18,6,300,1,2,RCB,Eden Gardens,19 April 2019
44,Parthiv Patel,18,6,300,3,1,PBKS,M. Chinnaswamy Stadium,24 April 2019
45,AB de Villiers,18,5,360,0,3,PBKS,M. Chinnaswamy Stadium,24 April 2019
46,Kieron Pollard,18,6,300,2,1,SRH,Rajiv Gandhi Intl. Cricket Stadium,06 April 2019
47,Andre Russell,18,3,600,0,3,RCB,Eden Gardens,19 April 2019
48,Parthiv Patel,18,6,300,3,1,MI,Wankhede Stadium,15 April 2019
49,Sanju Samson,17,5,340,1,2,RCB,M. Chinnaswamy Stadium,30 April 2019
50,Nitish Rana,17,5,340,1,2,RCB,Eden Gardens,19 April 2019
51,Shubman Gill,17,6,283.33,1,2,PBKS,IS Bindra Stadium,03 May 2019
52,Ravichandran Ashwin,17,4,425,1,2,RR,IS Bindra Stadium,16 April 2019
53,Ajinkya Rahane,17,6,283.33,2,1,KKR,Eden Gardens,25 April 2019
54,Jonny Bairstow,17,5,340,2,1,RCB,Rajiv Gandhi Intl. Cricket Stadium,31 March 2019
55,Ajinkya Rahane,17,6,283.33,2,1,MI,Wankhede Stadium,13 April 2019
56,Faf du Plessis,17,5,340,2,1,PBKS,IS Bindra Stadium,05 May 2019
57,Dinesh Karthik,17,5,340,1,2,RR,Eden Gardens,25 April 2019
58,Virat Kohli,17,5,340,2,1,KKR,Eden Gardens,19 April 2019
59,Dinesh Karthik,17,5,340,2,1,PBKS,IS Bindra Stadium,03 May 2019
60,Shane Watson,17,5,340,2,1,SRH,Chidambaram,23 April 2019
61,Hardik Pandya,17,4,425,1,2,CSK,Wankhede Stadium,03 April 2019
62,MS Dhoni,17,5,340,2,1,PBKS,Chidambaram,06 April 2019
63,AB de Villiers,17,5,340,1,2,MI,M. Chinnaswamy Stadium,28 March 2019
64,Shikhar Dhawan,17,5,340,1,2,KKR,Eden Gardens,12 April 2019
65,Kieron Pollard,17,5,340,1,2,PBKS,Wankhede Stadium,10 April 2019
66,Prithvi Shaw,16,6,266.66,4,0,RCB,M. Chinnaswamy Stadium,07 April 2019
67,Quinton de Kock,16,5,320,2,1,DC,Wankhede Stadium,24 March 2019
68,Marcus Stoinis,16,4,400,2,1,KKR,M. Chinnaswamy Stadium,05 April 2019
69,Manish Pandey,16,5,320,2,1,MI,Wankhede Stadium,02 May 2019
70,Chris Gayle,16,6,266.66,4,0,DC,Arun Jaitley Stadium,20 April 2019
71,Moeen Ali,16,5,320,1,2,MI,Wankhede Stadium,15 April 2019
72,Faf du Plessis,16,6,266.66,4,0,KKR,Eden Gardens,14 April 2019
73,AB de Villiers,16,3,533.33,1,2,MI,M. Chinnaswamy Stadium,28 March 2019
74,Vijay Shankar,16,5,320,0,2,RR,Rajiv Gandhi Intl. Cricket Stadium,29 March 2019
75,Rishabh Pant,16,3,533.33,1,2,MI,Wankhede Stadium,24 March 2019
76,Kieron Pollard,16,5,320,1,2,PBKS,Wankhede Stadium,10 April 2019
77,Jonny Bairstow,16,6,266.66,2,1,RCB,Rajiv Gandhi Intl. Cricket Stadium,31 March 2019
78,Prithvi Shaw,16,6,266.66,2,1,SRH,ACA-VDCA Stadium,08 May 2019
79,Quinton de Kock,16,4,400,1,2,KKR,Wankhede Stadium,05 May 2019
80,Quinton de Kock,16,6,266.66,2,1,RCB,Wankhede Stadium,15 April 2019
81,Chris Gayle,16,5,320,1,2,CSK,IS Bindra Stadium,05 May 2019
82,Ravindra Jadeja,15,5,300,3,0,KKR,Eden Gardens,14 April 2019
83,Rahul Tripathi,15,5,300,2,1,CSK,Chidambaram,31 March 2019
84,Andre Russell,15,5,300,0,2,DC,Eden Gardens,12 April 2019
85,Robin Uthappa,15,4,375,2,1,PBKS,IS Bindra Stadium,03 May 2019
86,Yuvraj Singh,15,4,375,2,1,DC,Wankhede Stadium,24 March 2019
87,Martin Guptill,15,4,375,1,1,RCB,M. Chinnaswamy Stadium,04 May 2019
88,KL Rahul,15,4,375,2,1,CSK,Chidambaram,06 April 2019
89,Rohit Sharma,15,5,300,2,1,RR,Wankhede Stadium,13 April 2019
90,Nitish Rana,15,4,375,2,1,PBKS,Eden Gardens,27 March 2019
91,Rishabh Pant,15,4,375,2,1,MI,Wankhede Stadium,24 March 2019
92,Shikhar Dhawan,15,6,250,2,1,RR,Sawai Mansingh Stadium,22 April 2019
93,Jonny Bairstow,15,4,375,0,2,RCB,Rajiv Gandhi Intl. Cricket Stadium,31 March 2019
94,Faf du Plessis,15,5,300,2,1,PBKS,Chidambaram,06 April 2019
95,Rohit Sharma,15,4,375,2,1,CSK,Chidambaram,26 April 2019
96,Hardik Pandya,15,5,300,1,1,RR,Sawai Mansingh Stadium,20 April 2019
97,Krunal Pandya,15,6,250,2,1,DC,Wankhede Stadium,24 March 2019
98,Nitish Rana,15,4,375,0,2,MI,Wankhede Stadium,05 May 2019
99,David Warner,15,5,300,1,1,RCB,Rajiv Gandhi Intl. Cricket Stadium,31 March 2019
100,Prithvi Shaw,15,5,300,3,0,KKR,Arun Jaitley Stadium,30 March 2019
101,Virat Kohli,15,5,300,1,1,KKR,Eden Gardens,19 April 2019
102,Chris Lynn,14,6,233.33,2,1,CSK,Eden Gardens,14 April 2019
103,Parthiv Patel,14,5,280,3,0,DC,Arun Jaitley Stadium,28 April 2019
104,Kieron Pollard,14,3,466.66,0,2,PBKS,Wankhede Stadium,10 April 2019
105,Sarfaraz Khan,14,5,280,1,1,CSK,Chidambaram,06 April 2019
106,Dinesh Karthik,14,4,350,0,2,RR,Eden Gardens,25 April 2019
107,Shane Watson,14,4,350,0,2,DC,Arun Jaitley Stadium,26 March 2019
108,Suresh Raina,14,5,280,2,1,DC,Chidambaram,01 May 2019
109,Virat Kohli,14,4,350,0,2,DC,M. Chinnaswamy Stadium,07 April 2019
110,Andre Russell,14,5,280,0,2,PBKS,IS Bindra Stadium,03 May 2019
111,Shubman Gill,14,6,233.33,2,1,MI,Eden Gardens,28 April 2019
112,Yuvraj Singh,14,4,350,0,2,DC,Wankhede Stadium,24 March 2019
113,Kedar Jadhav,14,7,200,3,0,MI,Wankhede Stadium,03 April 2019
114,Gurkeerat Mann Singh,14,5,280,2,1,DC,Arun Jaitley Stadium,28 April 2019
115,Gurkeerat Mann Singh,14,5,280,3,0,SRH,M. Chinnaswamy Stadium,04 May 2019
116,Mayank Agarwal,14,5,280,1,1,RCB,M. Chinnaswamy Stadium,24 April 2019
117,Faf du Plessis,14,5,280,3,0,DC,ACA-VDCA Stadium,10 May 2019
118,Jonny Bairstow,14,4,350,0,2,RCB,Rajiv Gandhi Intl. Cricket Stadium,31 March 2019
119,Nicholas Pooran,14,5,280,2,1,SRH,Rajiv Gandhi Intl. Cricket Stadium,29 April 2019
120,Axar Patel,14,4,350,0,2,SRH,Arun Jaitley Stadium,04 April 2019
121,Chris Gayle,14,5,280,2,1,MI,Wankhede Stadium,10 April 2019
122,Nitish Rana,14,6,233.33,2,1,SRH,Eden Gardens,24 March 2019
123,Sunil Narine,14,4,350,2,1,SRH,Rajiv Gandhi Intl. Cricket Stadium,21 April 2019
124,Shane Watson,14,6,233.33,2,1,MI,Rajiv Gandhi Intl. Cricket Stadium,12 May 2019
125,Martin Guptill,14,4,350,0,2,DC,ACA-VDCA Stadium,08 May 2019
126,Hardik Pandya,14,4,350,0,2,KKR,Eden Gardens,28 April 2019
127,Chris Gayle,14,5,280,2,1,RR,Sawai Mansingh Stadium,25 March 2019
128,Wriddhiman Saha,14,5,280,3,0,RCB,M. Chinnaswamy Stadium,04 May 2019
129,Jos Buttler,14,4,350,0,2,MI,Wankhede Stadium,13 April 2019
130,Nitish Rana,14,6,233.33,1,1,RCB,M. Chinnaswamy Stadium,05 April 2019
131,MS Dhoni,14,5,280,0,2,MI,Chidambaram,07 May 2019
132,Faf du Plessis,14,6,233.33,2,1,MI,Rajiv Gandhi Intl. Cricket Stadium,12 May 2019
133,AB de Villiers,14,4,350,0,2,KKR,M. Chinnaswamy Stadium,05 April 2019
134,Andre Russell,14,5,280,2,1,CSK,Chidambaram,09 April 2019
135,Deepak Hooda,14,3,466.66,2,1,PBKS,IS Bindra Stadium,08 April 2019
136,Chris Gayle,14,4,350,0,2,DC,Arun Jaitley Stadium,20 April 2019
137,Ben Stokes,13,5,260,0,1,CSK,Chidambaram,31 March 2019
138,Nitish Rana,13,3,433.33,0,2,PBKS,Eden Gardens,27 March 2019
139,Robin Uthappa,13,4,325,0,2,RR,Sawai Mansingh Stadium,07 April 2019
140,Hardik Pandya,13,4,325,0,2,RCB,M. Chinnaswamy Stadium,28 March 2019
141,David Warner,13,4,325,3,0,CSK,Rajiv Gandhi Intl. Cricket Stadium,17 April 2019
142,Ben Stokes,13,4,325,3,0,SRH,Rajiv Gandhi Intl. Cricket Stadium,29 March 2019
143,Virat Kohli,13,6,216.66,3,0,KKR,M. Chinnaswamy Stadium,05 April 2019
144,Shikhar Dhawan,13,6,216.66,3,0,CSK,ACA-VDCA Stadium,10 May 2019
145,Rohit Sharma,13,4,325,0,2,CSK,Chidambaram,26 April 2019
146,Parthiv Patel,13,5,260,3,0,RR,Sawai Mansingh Stadium,02 April 2019
147,Jonny Bairstow,13,4,325,0,2,CSK,Rajiv Gandhi Intl. Cricket Stadium,17 April 2019
148,Sam Curran,13,4,325,1,1,KKR,IS Bindra Stadium,03 May 2019
149,KL Rahul,13,3,433.33,0,2,SRH,Rajiv Gandhi Intl. Cricket Stadium,29 April 2019
150,Sanju Samson,13,5,260,2,0,SRH,Sawai Mansingh Stadium,27 April 2019