POS,Player,Runs,BF,SR,4s,6s,Against,Venue,Match Date
1,Robin Uthappa,25,6,416.66,1,3,PBKS,M. Chinnaswamy Stadium,16 March 2010
2,Murali Vijay,24,6,400,3,2,RR,Narendra Modi Stadium,28 March 2010
3,Yusuf Pathan,24,5,480,3,2,MI,Brabourne Stadium,13 March 2010
4,Kieron Pollard,24,5,480,1,3,DC,Brabourne Stadium,13 April 2010
5,Chris Gayle,24,4,600,0,4,PBKS,Eden Gardens,04 April 2010
6,Murali Vijay,24,6,400,1,3,RCB,Chidambaram,31 March 2010
7,Robin Uthappa,23,5,460,1,3,CSK,M. Chinnaswamy Stadium,23 March 2010
8,Adam Gilchrist,22,5,440,2,2,PBKS,Barabati Stadium,19 March 2010
9,Jacques Kallis,22,5,440,1,3,PBKS,M. Chinnaswamy Stadium,16 March 2010
10,Kieron Pollard,22,6,366.66,2,2,CSK,DY Patil Stadium,25 April 2010
11,Shane Watson,22,5,440,1,3,CSK,Chidambaram,03 April 2010
12,Virat Kohli,22,6,366.66,2,2,DEC,M. Chinnaswamy Stadium,08 April 2010
13,Manoj Tiwary,21,5,420,2,2,PBKS,IS Bindra Stadium,27 March 2010
14,Paras Dogra,21,6,350,2,2,MI,Brabourne Stadium,13 March 2010
15,Sachin Tendulkar,20,6,333.33,1,2,RR,Sawai Mansingh Stadium,11 April 2010
16,Irfan Pathan,20,4,500,2,2,DEC,Barabati Stadium,19 March 2010
17,Mahela Jayawardena,20,6,333.33,5,0,DEC,HPCA Stadium,16 April 2010
18,Matthew Hayden,20,5,400,0,3,DC,Arun Jaitley Stadium,19 March 2010
19,David Warner,20,6,333.33,2,2,DEC,Barabati Stadium,21 March 2010
20,Kieron Pollard,20,5,400,0,3,RCB,M. Chinnaswamy Stadium,17 April 2010
21,JP Duminy,19,6,316.66,1,2,RCB,M. Chinnaswamy Stadium,17 April 2010
22,Michael Lumb,19,5,380,3,1,PBKS,Sawai Mansingh Stadium,07 April 2010
23,Robin Uthappa,19,5,380,1,2,PBKS,IS Bindra Stadium,02 April 2010
24,Murali Vijay,19,4,475,0,3,RR,Chidambaram,03 April 2010
25,Harbhajan Singh,19,6,316.66,3,1,DEC,DY Patil Stadium,28 March 2010
26,Albie Morkel,19,4,475,0,3,RR,Narendra Modi Stadium,28 March 2010
27,Ross Taylor,19,5,380,0,3,DC,Arun Jaitley Stadium,04 April 2010
28,MS Dhoni,18,4,450,1,2,PBKS,HPCA Stadium,18 April 2010
29,Ambati Rayudu,18,5,360,2,1,DEC,Brabourne Stadium,03 April 2010
30,Yusuf Pathan,18,4,450,0,3,MI,Brabourne Stadium,13 March 2010
31,Paul Collingwood,18,6,300,1,2,RCB,Arun Jaitley Stadium,04 April 2010
32,Suresh Raina,18,5,360,0,2,MI,DY Patil Stadium,25 April 2010
33,Manvinder Bisla,18,6,300,3,1,RR,IS Bindra Stadium,24 March 2010
34,Kevin Pietersen,18,6,300,3,1,RR,Sawai Mansingh Stadium,14 April 2010
35,Robin Uthappa,18,6,300,1,2,MI,DY Patil Stadium,21 April 2010
36,Sourav Ganguly,18,4,450,0,3,DEC,Eden Gardens,01 April 2010
37,Brendon McCullum,18,6,300,3,1,RCB,M. Chinnaswamy Stadium,10 April 2010
38,Matthew Hayden,18,6,300,3,1,DC,Arun Jaitley Stadium,19 March 2010
39,Murali Vijay,17,5,340,2,1,KKR,Chidambaram,13 April 2010
40,Harbhajan Singh,17,7,242.85,4,0,DEC,DY Patil Stadium,28 March 2010
41,Yusuf Pathan,17,4,425,1,2,MI,Brabourne Stadium,13 March 2010
42,Sachin Tendulkar,17,5,340,4,0,DC,Arun Jaitley Stadium,17 March 2010
43,Ambati Rayudu,17,6,283.33,1,2,RCB,M. Chinnaswamy Stadium,17 April 2010
44,Robin Uthappa,17,5,340,1,2,CSK,Chidambaram,31 March 2010
45,Paul Collingwood,17,4,425,1,2,RCB,Arun Jaitley Stadium,04 April 2010
46,Kieron Pollard,17,6,283.33,0,2,RCB,DY Patil Stadium,21 April 2010
47,Robin Uthappa,17,5,340,0,2,DEC,Vidarbha Cricket Association Stadium,12 April 2010
48,Virender Sehwag,17,5,340,1,2,RR,Narendra Modi Stadium,15 March 2010
49,Jacques Kallis,17,6,283.33,4,0,RR,M. Chinnaswamy Stadium,18 March 2010
50,Manish Pandey,17,5,340,1,2,PBKS,M. Chinnaswamy Stadium,16 March 2010
51,MF Maharoof,17,5,340,1,2,MI,Arun Jaitley Stadium,17 March 2010
52,Murali Vijay,17,5,340,2,1,RR,Chidambaram,03 April 2010
53,Adam Gilchrist,17,5,340,1,2,CSK,Chidambaram,14 March 2010
54,Saurabh Tiwary,16,5,320,2,1,RCB,DY Patil Stadium,21 April 2010
55,MS Dhoni,16,4,400,2,1,KKR,Eden Gardens,16 March 2010
56,Matthew Hayden,16,6,266.66,4,0,MI,Brabourne Stadium,25 March 2010
57,Robin Uthappa,16,6,266.66,2,1,KKR,M. Chinnaswamy Stadium,10 April 2010
58,Yuvraj Singh,16,5,320,1,2,RR,Sawai Mansingh Stadium,07 April 2010
59,Brendon McCullum,16,5,320,2,1,RCB,M. Chinnaswamy Stadium,10 April 2010
60,Adam Gilchrist,16,5,320,1,2,RR,Vidarbha Cricket Association Stadium,05 April 2010
61,Rohit Sharma,16,5,320,1,1,PBKS,HPCA Stadium,16 April 2010
62,Zaheer Khan,16,5,320,2,1,RCB,Brabourne Stadium,20 March 2010
63,Michael Lumb,16,6,266.66,4,0,DEC,Narendra Modi Stadium,26 March 2010
64,David Warner,16,5,320,2,1,MI,Brabourne Stadium,13 April 2010
65,Dinesh Karthik,16,5,320,2,1,DEC,Barabati Stadium,21 March 2010
66,Michael Lumb,16,5,320,4,0,PBKS,Sawai Mansingh Stadium,07 April 2010
67,Kieron Pollard,15,6,250,1,1,RCB,DY Patil Stadium,21 April 2010
68,Suresh Raina,15,5,300,1,1,MI,DY Patil Stadium,25 April 2010
69,Andrew Symonds,15,5,300,2,1,PBKS,Barabati Stadium,19 March 2010
70,Irfan Pathan,15,5,300,1,1,CSK,HPCA Stadium,18 April 2010
71,Yusuf Pathan,15,6,250,2,1,DEC,Narendra Modi Stadium,26 March 2010
72,Paul Collingwood,15,5,300,0,2,KKR,Arun Jaitley Stadium,29 March 2010
73,David Warner,15,5,300,2,1,KKR,Arun Jaitley Stadium,29 March 2010
74,Gautam Gambhir,15,5,300,2,1,KKR,Eden Gardens,07 April 2010
75,MS Dhoni,15,5,300,2,1,KKR,Eden Gardens,16 March 2010
76,Sourav Ganguly,15,6,250,1,1,PBKS,Eden Gardens,04 April 2010
77,Dinesh Karthik,15,4,375,0,2,RR,Arun Jaitley Stadium,31 March 2010
78,Gautam Gambhir,15,5,300,2,0,PBKS,IS Bindra Stadium,13 March 2010
79,Adam Gilchrist,15,5,300,2,1,RR,Vidarbha Cricket Association Stadium,05 April 2010
80,Manvinder Bisla,15,6,250,2,1,RCB,M. Chinnaswamy Stadium,16 March 2010
81,Mahela Jayawardena,15,5,300,3,0,KKR,Eden Gardens,04 April 2010
82,Rahul Dravid,15,6,250,3,0,KKR,M. Chinnaswamy Stadium,10 April 2010
83,Robin Uthappa,14,4,350,2,1,KKR,M. Chinnaswamy Stadium,10 April 2010
84,Naman Ojha,14,5,280,3,0,CSK,Chidambaram,03 April 2010
85,Abhishek Raut,14,5,280,1,1,RCB,Sawai Mansingh Stadium,14 April 2010
86,Rahul Dravid,14,4,350,0,2,KKR,M. Chinnaswamy Stadium,10 April 2010
87,Virender Sehwag,14,6,233.33,2,1,RCB,Arun Jaitley Stadium,04 April 2010
88,Suresh Raina,14,4,350,3,0,KKR,Chidambaram,13 April 2010
89,Murali Vijay,14,5,280,2,1,RR,Chidambaram,03 April 2010
90,Adam Gilchrist,14,6,233.33,2,1,CSK,Chidambaram,14 March 2010
91,Yuvraj Singh,14,4,350,0,2,KKR,Eden Gardens,04 April 2010
92,Chris Gayle,14,4,350,0,2,PBKS,Eden Gardens,04 April 2010
93,Mahela Jayawardena,14,4,350,2,1,KKR,Eden Gardens,04 April 2010
94,Ambati Rayudu,14,4,350,2,1,RR,Brabourne Stadium,13 March 2010
95,Naman Ojha,14,5,280,2,1,DC,Narendra Modi Stadium,15 March 2010
96,Chris Gayle,14,4,350,2,1,MI,Brabourne Stadium,22 March 2010
97,Manoj Tiwary,14,4,350,2,1,RCB,Eden Gardens,14 March 2010
98,Kumar Sangakkara,14,5,280,3,0,RR,IS Bindra Stadium,24 March 2010
99,Adam Voges,14,5,280,0,2,KKR,Narendra Modi Stadium,20 March 2010
100,Kieron Pollard,14,6,233.33,2,0,DEC,Brabourne Stadium,03 April 2010
101,Murali Vijay,14,4,350,0,2,RCB,Chidambaram,31 March 2010
102,Yusuf Pathan,14,5,280,0,2,DC,Arun Jaitley Stadium,31 March 2010
103,Michael Lumb,14,6,233.33,3,0,CSK,Chidambaram,03 April 2010
104,Herschelle Gibbs,14,6,233.33,2,1,DC,Barabati Stadium,21 March 2010
105,Chris Gayle,14,3,466.66,2,1,RCB,M. Chinnaswamy Stadium,10 April 2010
106,Mohnish Mishra,14,5,280,2,1,CSK,Vidarbha Cricket Association Stadium,10 April 2010
107,Ambati Rayudu,14,4,350,0,2,RCB,M. Chinnaswamy Stadium,17 April 2010
108,Rohit Sharma,14,5,280,3,0,RR,Vidarbha Cricket Association Stadium,05 April 2010
109,Adam Gilchrist,14,4,350,2,1,RCB,M. Chinnaswamy Stadium,08 April 2010
110,Saurabh Tiwary,14,6,233.33,0,2,DEC,Brabourne Stadium,03 April 2010
111,Rohit Sharma,14,5,280,1,1,MI,DY Patil Stadium,28 March 2010
112,Virender Sehwag,14,5,280,1,1,CSK,Arun Jaitley Stadium,19 March 2010
113,Chris Gayle,14,5,280,2,1,DC,Eden Gardens,07 April 2010
114,Yusuf Pathan,14,4,350,0,2,DEC,Narendra Modi Stadium,26 March 2010
115,Graeme Smith,14,6,233.33,3,0,MI,Brabourne Stadium,13 March 2010
116,Chris Gayle,14,7,200,3,0,PBKS,IS Bindra Stadium,27 March 2010
117,Shikhar Dhawan,13,6,216.66,0,2,CSK,Brabourne Stadium,25 March 2010
118,Harbhajan Singh,13,5,260,0,2,CSK,Chidambaram,06 April 2010
119,Faiz Fazal,13,6,216.66,3,0,KKR,Narendra Modi Stadium,20 March 2010
120,Laxmi Ratan Shukla,13,4,325,0,2,CSK,Chidambaram,13 April 2010
121,David Warner,13,6,216.66,0,1,RCB,M. Chinnaswamy Stadium,25 March 2010
122,Murali Vijay,13,5,260,1,1,DC,Arun Jaitley Stadium,19 March 2010
123,Matthew Hayden,13,5,260,1,1,RR,Chidambaram,03 April 2010
124,Murali Vijay,13,4,325,0,2,RR,Chidambaram,03 April 2010
125,Andrew Symonds,13,6,216.66,3,0,RR,Narendra Modi Stadium,26 March 2010
126,Andrew Symonds,13,4,325,1,1,RCB,M. Chinnaswamy Stadium,08 April 2010
127,Jacques Kallis,13,4,325,1,1,KKR,Eden Gardens,14 March 2010
128,Dinesh Karthik,13,5,260,3,0,RR,Arun Jaitley Stadium,31 March 2010
129,Murali Vijay,13,6,216.66,1,1,DEC,DY Patil Stadium,22 April 2010
130,Mohnish Mishra,13,5,260,1,1,DC,Arun Jaitley Stadium,18 April 2010
131,Rohit Sharma,13,4,325,3,0,RCB,Vidarbha Cricket Association Stadium,12 April 2010
132,Rajat Bhatia,13,3,433.33,0,2,CSK,Arun Jaitley Stadium,19 March 2010
133,Rohit Sharma,13,5,260,0,2,DC,Barabati Stadium,21 March 2010
134,Shane Watson,13,5,260,1,1,KKR,Eden Gardens,17 April 2010
135,Cheteshwar Pujara,13,4,325,0,2,RCB,M. Chinnaswamy Stadium,10 April 2010
136,Virat Kohli,13,5,260,1,1,DEC,M. Chinnaswamy Stadium,08 April 2010
137,Sachin Tendulkar,13,6,216.66,0,1,CSK,Brabourne Stadium,25 March 2010
138,Kieron Pollard,13,5,260,1,1,DC,Brabourne Stadium,13 April 2010
139,Gautam Gambhir,13,5,260,3,0,PBKS,Arun Jaitley Stadium,11 April 2010
140,Andrew Symonds,13,5,260,3,0,KKR,Eden Gardens,01 April 2010
141,Ambati Rayudu,13,4,325,3,0,PBKS,IS Bindra Stadium,09 April 2010
142,Ravi Bopara,13,4,325,3,0,RCB,M. Chinnaswamy Stadium,16 March 2010
143,Shaun Marsh,13,3,433.33,0,2,CSK,HPCA Stadium,18 April 2010
144,Irfan Pathan,13,4,325,1,1,DEC,Barabati Stadium,19 March 2010
145,Yusuf Pathan,13,4,325,3,0,MI,Brabourne Stadium,13 March 2010
146,Andrew Symonds,13,5,260,0,2,DC,Arun Jaitley Stadium,18 April 2010
147,JP Duminy,13,4,325,3,0,DC,Brabourne Stadium,13 April 2010
148,Saurabh Tiwary,13,5,260,3,0,KKR,Brabourne Stadium,22 March 2010
149,Ryan Harris,13,4,325,1,1,CSK,DY Patil Stadium,22 April 2010
150,Sanath Jayasuriya,13,6,216.66,3,0,RR,Brabourne Stadium,13 March 2010