POS,Player,Ov,Runs,Wkts,Dots,Econ,SR,Against,Venue,Match Date
1,Dale Steyn,4,8,3,18,2,8,RCB,Rajiv Gandhi Intl. Cricket Stadium,20 May 2012
2,Ben Hilfenhaus,4,8,2,15,2,12,RR,Sawai Mansingh Stadium,10 May 2012
3,Praveen Kumar,4,8,0,16,2,0,RCB,M. Chinnaswamy Stadium,02 May 2012
4,Dale Steyn,4,10,2,17,2.5,12,MI,Wankhede Stadium,29 April 2012
5,Marlon Samuels,2,5,1,7,2.5,12,RCB,M. Chinnaswamy Stadium,17 April 2012
6,Umesh Yadav,4,11,2,15,2.75,12,MI,Wankhede Stadium,16 April 2012
7,Lakshmipathy Balaji,4,11,2,15,2.75,12,MI,Wankhede Stadium,16 May 2012
8,Sunil Narine,4,11,1,13,2.75,24,RCB,Eden Gardens,28 April 2012
9,Dale Steyn,4,12,3,14,3,8,MI,ACA-VDCA Stadium,09 April 2012
10,Bhuvneshwar Kumar,3,9,2,8,3,9,MI,Maharashtra Cricket Association's International Stadium,03 May 2012
11,Parvinder Awana,4,12,2,15,3,12,CSK,HPCA Stadium,17 May 2012
12,Irfan Pathan,4,12,1,13,3,24,MI,Wankhede Stadium,16 April 2012
13,Shahbaz Nadeem,3,9,0,10,3,0,CSK,Arun Jaitley Stadium,10 April 2012
14,Ajit Chandila,4,13,4,15,3.25,6,PWI,Sawai Mansingh Stadium,13 May 2012
15,Shaun Tait,4,13,3,14,3.25,8,PWI,Maharashtra Cricket Association's International Stadium,08 May 2012
16,Harbhajan Singh,4,13,2,15,3.25,12,DEC,Wankhede Stadium,29 April 2012
17,Lasith Malinga,4,13,2,17,3.25,12,RR,Wankhede Stadium,11 April 2012
18,Sunil Narine,4,13,1,14,3.25,24,PWI,Eden Gardens,05 May 2012
19,Dwayne Bravo,3,10,2,10,3.33,9,MI,M. Chinnaswamy Stadium,23 May 2012
20,Rajat Bhatia,4,14,2,12,3.5,12,PBKS,Eden Gardens,15 April 2012
21,Jacques Kallis,2,7,2,8,3.5,6,RCB,M. Chinnaswamy Stadium,10 April 2012
22,Sunil Narine,4,14,2,13,3.5,12,CSK,Eden Gardens,14 May 2012
23,Kieron Pollard,4,14,2,14,3.5,12,PBKS,Wankhede Stadium,22 April 2012
24,Kieron Pollard,4,15,2,11,3.75,12,CSK,Chidambaram,04 April 2012
25,Praveen Kumar,4,15,2,12,3.75,12,DEC,Rajiv Gandhi Intl. Cricket Stadium,08 May 2012
26,Albie Morkel,4,15,1,13,3.75,24,DC,Chidambaram,12 May 2012
27,Sunil Narine,4,15,1,12,3.75,24,PWI,Maharashtra Cricket Association's International Stadium,19 May 2012
28,Brett Lee,4,15,1,15,3.75,24,DEC,Barabati Stadium,22 April 2012
29,Zaheer Khan,4,15,1,17,3.75,24,RR,M. Chinnaswamy Stadium,15 April 2012
30,Roelof van der Merwe,4,15,0,11,3.75,0,CSK,Arun Jaitley Stadium,10 April 2012
31,Ravindra Jadeja,4,16,5,17,4,4.8,DEC,ACA-VDCA Stadium,07 April 2012
32,Shahbaz Nadeem,4,16,3,9,4,8,DEC,Arun Jaitley Stadium,19 April 2012
33,Muttiah Muralitharan,4,16,2,11,4,12,PWI,Maharashtra Cricket Association's International Stadium,11 May 2012
34,Dale Steyn,4,16,2,12,4,12,RR,Rajiv Gandhi Intl. Cricket Stadium,18 May 2012
35,Shahbaz Nadeem,4,16,2,15,4,12,MI,Wankhede Stadium,16 April 2012
36,Lasith Malinga,4,16,2,12,4,12,PWI,Wankhede Stadium,06 April 2012
37,Shikhar Dhawan,2,8,1,4,4,12,PBKS,Rajiv Gandhi Intl. Cricket Stadium,08 May 2012
38,Muttiah Muralitharan,4,16,1,10,4,24,MI,M. Chinnaswamy Stadium,14 May 2012
39,Dwayne Smith,2,8,1,6,4,12,KKR,Wankhede Stadium,16 May 2012
40,Stuart Binny,3,12,1,7,4,18,PWI,Maharashtra Cricket Association's International Stadium,08 May 2012
41,Rahul Sharma,4,16,1,12,4,24,MI,Wankhede Stadium,06 April 2012
42,Umesh Yadav,2,8,0,5,4,0,RCB,M. Chinnaswamy Stadium,07 April 2012
43,Ravichandran Ashwin,3,12,0,10,4,0,DEC,ACA-VDCA Stadium,07 April 2012
44,Zaheer Khan,4,16,0,14,4,0,MI,Wankhede Stadium,09 May 2012
45,Lasith Malinga,3.5,16,2,13,4.17,11.5,CSK,Chidambaram,04 April 2012
46,Shakib Al Hasan,4,17,3,11,4.25,8,RR,Eden Gardens,13 April 2012
47,Pragyan Ojha,4,17,2,9,4.25,12,CSK,Chidambaram,04 April 2012
48,Angelo Mathews,4,17,2,9,4.25,12,KKR,Eden Gardens,05 May 2012
49,Munaf Patel,4,17,1,13,4.25,24,KKR,Wankhede Stadium,16 May 2012
50,Ravichandran Ashwin,4,17,1,9,4.25,24,DC,Chidambaram,12 May 2012
51,Nuwan Kulasekara,4,17,1,13,4.25,24,RR,Chidambaram,21 April 2012
52,Abhishek Jhunjhunwala,3,13,1,8,4.33,18,CSK,Chidambaram,04 May 2012
53,Ashok Dinda,3,13,1,8,4.33,18,PBKS,Maharashtra Cricket Association's International Stadium,08 April 2012
54,Lasith Malinga,3.4,16,4,12,4.36,5.5,DEC,Wankhede Stadium,29 April 2012
55,Ashok Dinda,4,18,4,15,4.5,6,MI,Wankhede Stadium,06 April 2012
56,Pawan Negi,4,18,4,13,4.5,6,RR,Sawai Mansingh Stadium,01 May 2012
57,Lakshmipathy Balaji,4,18,4,13,4.5,6,RCB,M. Chinnaswamy Stadium,10 April 2012
58,Piyush Chawla,4,18,3,11,4.5,8,KKR,Eden Gardens,15 April 2012
59,Dhawal Kulkarni,4,18,3,15,4.5,8,RR,Sawai Mansingh Stadium,20 May 2012
60,Harbhajan Singh,4,18,2,13,4.5,12,PWI,Maharashtra Cricket Association's International Stadium,03 May 2012
61,Vinay Kumar,4,18,2,12,4.5,12,KKR,M. Chinnaswamy Stadium,10 April 2012
62,Shaun Tait,4,18,2,13,4.5,12,PBKS,IS Bindra Stadium,05 May 2012
63,Siddharth Trivedi,4,18,2,13,4.5,12,CSK,Sawai Mansingh Stadium,10 May 2012
64,Praveen Kumar,4,18,2,14,4.5,12,CSK,HPCA Stadium,17 May 2012
65,Pankaj Singh,4,18,2,14,4.5,12,RCB,M. Chinnaswamy Stadium,15 April 2012
66,Wayne Parnell,4,18,2,12,4.5,12,KKR,Maharashtra Cricket Association's International Stadium,19 May 2012
67,Umesh Yadav,2,9,2,5,4.5,6,KKR,Eden Gardens,05 April 2012
68,Shakib Al Hasan,4,18,2,11,4.5,12,PWI,Maharashtra Cricket Association's International Stadium,19 May 2012
69,Ankit Sharma,2,9,1,5,4.5,12,PWI,Barabati Stadium,01 May 2012
70,Pawan Negi,4,18,1,11,4.5,24,KKR,Maharashtra Cricket Association's International Stadium,22 May 2012
71,Brad Hogg,4,18,1,9,4.5,24,CSK,Chidambaram,21 April 2012
72,Michael Clarke,2,9,0,3,4.5,0,MI,Maharashtra Cricket Association's International Stadium,03 May 2012
73,Anand Rajan,2,9,0,4,4.5,0,MI,ACA-VDCA Stadium,09 April 2012
74,Harbhajan Singh,4,18,0,12,4.5,0,DEC,ACA-VDCA Stadium,09 April 2012
75,Wayne Parnell,4,18,0,9,4.5,0,MI,Maharashtra Cricket Association's International Stadium,03 May 2012
76,Ankit Sharma,4,18,0,14,4.5,0,MI,ACA-VDCA Stadium,09 April 2012
77,Harbhajan Singh,4,18,0,10,4.5,0,RCB,Wankhede Stadium,09 May 2012
78,Muttiah Muralitharan,4,18,0,10,4.5,0,DEC,M. Chinnaswamy Stadium,06 May 2012
79,David Hussey,2,9,0,2,4.5,0,RCB,M. Chinnaswamy Stadium,02 May 2012
80,Parvinder Awana,4,18,0,10,4.5,0,PWI,IS Bindra Stadium,12 April 2012
81,Murali Kartik,3,14,2,8,4.66,9,MI,Wankhede Stadium,06 April 2012
82,Dwayne Bravo,3,14,1,9,4.66,18,MI,Chidambaram,04 April 2012
83,Rajat Bhatia,3,14,1,6,4.66,18,PWI,Maharashtra Cricket Association's International Stadium,19 May 2012
84,Angelo Mathews,3,14,1,9,4.66,18,RCB,Maharashtra Cricket Association's International Stadium,11 May 2012
85,Harbhajan Singh,3,14,0,7,4.66,0,CSK,Wankhede Stadium,06 May 2012
86,Dan Christian,3,14,0,10,4.66,0,MI,Wankhede Stadium,29 April 2012
87,Sunil Narine,3.1,15,4,12,4.73,4.75,MI,Wankhede Stadium,16 May 2012
88,Sunil Narine,4,19,5,13,4.75,4.8,PBKS,Eden Gardens,15 April 2012
89,KP Appanna,4,19,4,14,4.75,6,RR,Sawai Mansingh Stadium,23 April 2012
90,Umesh Yadav,4,19,3,14,4.75,8,PBKS,HPCA Stadium,19 May 2012
91,Ryan Harris,4,19,2,15,4.75,12,DC,HPCA Stadium,19 May 2012
92,Dale Steyn,4,19,2,12,4.75,12,DC,Arun Jaitley Stadium,19 April 2012
93,Piyush Chawla,4,19,2,11,4.75,12,KKR,IS Bindra Stadium,18 April 2012
94,Ashish Nehra,4,19,2,15,4.75,12,MI,Maharashtra Cricket Association's International Stadium,03 May 2012
95,Varun Aaron,4,19,2,10,4.75,12,PBKS,Arun Jaitley Stadium,15 May 2012
96,Morne Morkel,4,19,2,13,4.75,12,CSK,Arun Jaitley Stadium,10 April 2012
97,Brad Hogg,4,19,1,8,4.75,24,RCB,M. Chinnaswamy Stadium,15 April 2012
98,Pragyan Ojha,4,19,1,11,4.75,24,DC,Wankhede Stadium,16 April 2012
99,Ravichandran Ashwin,4,19,1,13,4.75,24,RR,Chidambaram,21 April 2012
100,Ankit Sharma,4,19,1,11,4.75,24,KKR,Barabati Stadium,22 April 2012
101,Yusuf Pathan,4,19,1,14,4.75,24,RCB,Eden Gardens,28 April 2012
102,Kevon Cooper,4,19,0,11,4.75,0,DC,Arun Jaitley Stadium,29 April 2012
103,Ravichandran Ashwin,4,19,0,6,4.75,0,PWI,Maharashtra Cricket Association's International Stadium,14 April 2012
104,Piyush Chawla,4,19,0,8,4.75,0,MI,Wankhede Stadium,22 April 2012
105,Praveen Kumar,4,19,0,17,4.75,0,PWI,IS Bindra Stadium,12 April 2012
106,Morne Morkel,4,20,4,16,5,6,PBKS,HPCA Stadium,19 May 2012
107,Munaf Patel,4,20,4,12,5,6,DEC,ACA-VDCA Stadium,09 April 2012
108,Azhar Mahmood,4,20,3,10,5,8,RCB,M. Chinnaswamy Stadium,02 May 2012
109,Jacques Kallis,4,20,2,11,5,12,DC,Arun Jaitley Stadium,07 May 2012
110,Nuwan Kulasekara,2,10,2,9,5,6,PWI,Chidambaram,19 April 2012
111,Amit Mishra,4,20,2,9,5,12,RR,Rajiv Gandhi Intl. Cricket Stadium,18 May 2012
112,Piyush Chawla,4,20,2,11,5,12,CSK,Chidambaram,28 April 2012
113,Siddharth Trivedi,4,20,2,12,5,12,DEC,Rajiv Gandhi Intl. Cricket Stadium,18 May 2012
114,Daniel Vettori,4,20,1,6,5,24,RR,M. Chinnaswamy Stadium,15 April 2012
115,Brad Hogg,4,20,1,12,5,24,KKR,Eden Gardens,13 April 2012
116,Lakshmipathy Balaji,4,20,1,9,5,24,PBKS,IS Bindra Stadium,18 April 2012
117,Ben Hilfenhaus,4,20,1,15,5,24,PBKS,HPCA Stadium,17 May 2012
118,Glenn Maxwell,2,10,1,5,5,12,RCB,M. Chinnaswamy Stadium,07 April 2012
119,Irfan Pathan,4,20,1,11,5,24,KKR,Maharashtra Cricket Association's International Stadium,22 May 2012
120,Suresh Raina,2,10,1,2,5,12,DEC,ACA-VDCA Stadium,07 April 2012
121,Ajit Chandila,4,20,1,12,5,24,DEC,Rajiv Gandhi Intl. Cricket Stadium,18 May 2012
122,Ashok Menaria,2,10,0,7,5,0,CSK,Chidambaram,21 April 2012
123,Angelo Mathews,3,15,0,3,5,0,RR,Maharashtra Cricket Association's International Stadium,08 May 2012
124,Dwayne Smith,2,10,0,5,5,0,RCB,M. Chinnaswamy Stadium,14 May 2012
125,Albie Morkel,4,20,0,13,5,0,MI,Chidambaram,04 April 2012
126,Munaf Patel,3,15,0,10,5,0,DC,Wankhede Stadium,16 April 2012
127,Harshal Patel,2,10,0,6,5,0,DC,M. Chinnaswamy Stadium,07 April 2012
128,Ravichandran Ashwin,4,20,0,10,5,0,MI,Chidambaram,04 April 2012
129,Lasith Malinga,4,20,0,14,5,0,RCB,Wankhede Stadium,09 May 2012
130,Daniel Vettori,4,20,0,9,5,0,RR,Sawai Mansingh Stadium,23 April 2012
131,Ashish Reddy,2.1,11,1,8,5.07,13,MI,Wankhede Stadium,29 April 2012
132,Lakshmipathy Balaji,3.5,20,1,10,5.21,23,PWI,Maharashtra Cricket Association's International Stadium,19 May 2012
133,Muttiah Muralitharan,4,21,3,10,5.25,8,CSK,Chidambaram,12 April 2012
134,Umesh Yadav,4,21,3,14,5.25,8,PBKS,Arun Jaitley Stadium,15 May 2012
135,Yo Mahesh,4,21,2,10,5.25,12,RR,Sawai Mansingh Stadium,10 May 2012
136,Johan Botha,4,21,2,9,5.25,12,PBKS,IS Bindra Stadium,05 May 2012
137,Jacques Kallis,4,21,2,10,5.25,12,CSK,Chidambaram,30 April 2012
138,Zaheer Khan,4,21,2,11,5.25,12,PWI,Maharashtra Cricket Association's International Stadium,11 May 2012
139,Piyush Chawla,4,21,1,9,5.25,24,RCB,IS Bindra Stadium,20 April 2012
140,Morne Morkel,4,21,1,10,5.25,24,MI,Arun Jaitley Stadium,27 April 2012
141,Marlon Samuels,4,21,1,12,5.25,24,MI,Wankhede Stadium,06 April 2012
142,Ravindra Jadeja,4,21,1,9,5.25,24,RR,Sawai Mansingh Stadium,10 May 2012
143,Brett Lee,4,21,0,17,5.25,0,RCB,M. Chinnaswamy Stadium,10 April 2012
144,Ravindra Jadeja,4,21,0,6,5.25,0,PWI,Chidambaram,19 April 2012
145,Rahul Sharma,3,16,2,5,5.33,9,CSK,Maharashtra Cricket Association's International Stadium,14 April 2012
146,Harbhajan Singh,3,16,1,7,5.33,18,PWI,Wankhede Stadium,06 April 2012
147,Albie Morkel,3,16,1,7,5.33,18,DEC,Chidambaram,04 May 2012
148,Varun Aaron,3.4,20,1,8,5.45,22,KKR,Arun Jaitley Stadium,07 May 2012
149,Vinay Kumar,4,22,3,11,5.5,8,DEC,Rajiv Gandhi Intl. Cricket Stadium,20 May 2012
150,Alfonso Thomas,4,22,3,13,5.5,8,DC,Arun Jaitley Stadium,21 April 2012