POS,Player,Ov,Runs,Wkts,Dots,Econ,SR,Against,Venue,Match Date
1,JP Duminy,2,3,1,9,1.5,12,MI,Wankhede Stadium,14 May 2011
2,Rahul Sharma,4,7,2,17,1.75,12,MI,DY Patil Stadium,04 May 2011
3,Brett Lee,4,8,0,15,2,0,CSK,Eden Gardens,07 May 2011
4,Amit Mishra,4,9,4,16,2.25,6,PBKS,HPCA Stadium,21 May 2011
5,Lasith Malinga,4,9,3,13,2.25,8,DEC,Rajiv Gandhi Intl. Cricket Stadium,24 April 2011
6,Shanthakumaran Sreesanth,4,10,2,15,2.5,12,DC,Jawaharlal Nehru Stadium,30 April 2011
7,Morne Morkel,4,11,1,13,2.75,24,RR,Sawai Mansingh Stadium,12 April 2011
8,Johan Botha,2,6,3,7,3,4,MI,Sawai Mansingh Stadium,29 April 2011
9,Wayne Parnell,4,12,2,13,3,12,PBKS,IS Bindra Stadium,08 May 2011
10,Jesse Ryder,3,9,1,11,3,18,PBKS,DY Patil Stadium,10 April 2011
11,Amit Mishra,4,12,1,11,3,24,KTK,Jawaharlal Nehru Stadium,27 April 2011
12,Yusuf Pathan,2,6,1,6,3,12,DC,Arun Jaitley Stadium,28 April 2011
13,Brad Hodge,4,13,4,16,3.25,6,RR,Holkar Cricket Stadium,15 May 2011
14,Rahul Sharma,4,13,3,17,3.25,8,RR,Sawai Mansingh Stadium,01 May 2011
15,Shane Warne,4,13,1,13,3.25,24,MI,Sawai Mansingh Stadium,29 April 2011
16,Charl Langeveldt,3,10,2,9,3.33,9,KKR,M. Chinnaswamy Stadium,14 May 2011
17,Munaf Patel,3,10,0,7,3.33,0,RCB,M. Chinnaswamy Stadium,12 April 2011
18,Munaf Patel,2.2,8,3,10,3.42,4.66,PWI,Wankhede Stadium,20 April 2011
19,Sreenath Aravind,4,14,4,14,3.5,6,PBKS,M. Chinnaswamy Stadium,06 May 2011
20,Amit Mishra,4,14,2,14,3.5,12,MI,Rajiv Gandhi Intl. Cricket Stadium,24 April 2011
21,Raiphi Gomez,4,14,2,14,3.5,12,KKR,Jawaharlal Nehru Stadium,05 May 2011
22,Amit Singh,4,14,2,15,3.5,12,MI,Sawai Mansingh Stadium,29 April 2011
23,Daniel Vettori,4,14,1,10,3.5,24,PBKS,M. Chinnaswamy Stadium,06 May 2011
24,Ashok Dinda,2,7,0,7,3.5,0,MI,Arun Jaitley Stadium,10 April 2011
25,Lasith Malinga,3.4,13,5,16,3.54,4.4,DC,Arun Jaitley Stadium,10 April 2011
26,Chris Gayle,3,11,0,10,3.66,0,MI,Chidambaram,27 May 2011
27,Praveen Kumar,3,11,0,13,3.66,0,RCB,HPCA Stadium,17 May 2011
28,Siddharth Trivedi,4,15,3,13,3.75,8,DEC,Rajiv Gandhi Intl. Cricket Stadium,09 April 2011
29,Daniel Vettori,4,15,2,15,3.75,12,CSK,M. Chinnaswamy Stadium,22 May 2011
30,Iqbal Abdulla,4,15,1,13,3.75,24,CSK,Eden Gardens,07 May 2011
31,RP Singh,4,15,0,10,3.75,0,MI,Wankhede Stadium,15 April 2011
32,Ali Murtaza,4,15,0,14,3.75,0,RR,Sawai Mansingh Stadium,29 April 2011
33,Ishant Sharma,3,12,5,12,4,3.6,KTK,Jawaharlal Nehru Stadium,27 April 2011
34,Piyush Chawla,4,16,3,14,4,8,DC,HPCA Stadium,15 May 2011
35,Ravichandran Ashwin,4,16,3,10,4,8,RCB,Chidambaram,28 May 2011
36,Shane Warne,4,16,3,11,4,8,KTK,Sawai Mansingh Stadium,24 April 2011
37,Shanthakumaran Sreesanth,4,16,2,16,4,12,RR,Holkar Cricket Stadium,15 May 2011
38,Shakib Al Hasan,4,16,2,13,4,12,PWI,DY Patil Stadium,19 May 2011
39,Ishant Sharma,4,16,2,16,4,12,DC,Rajiv Gandhi Intl. Cricket Stadium,05 May 2011
40,Ravichandran Ashwin,3,12,2,12,4,9,KKR,Eden Gardens,07 May 2011
41,Iqbal Abdulla,3,12,1,11,4,18,PWI,DY Patil Stadium,19 May 2011
42,Ryan Harris,4,16,1,14,4,24,DC,HPCA Stadium,15 May 2011
43,Irfan Pathan,4,16,1,11,4,24,KKR,Arun Jaitley Stadium,28 April 2011
44,Chris Gayle,2,8,1,4,4,12,PWI,M. Chinnaswamy Stadium,29 April 2011
45,Jesse Ryder,2,8,1,5,4,12,KTK,DY Patil Stadium,13 April 2011
46,Ravichandran Ashwin,4,16,1,9,4,24,KTK,Chidambaram,18 May 2011
47,Alfonso Thomas,4,16,1,14,4,24,MI,Wankhede Stadium,20 April 2011
48,Roelof van der Merwe,4,16,0,14,4,0,MI,Arun Jaitley Stadium,10 April 2011
49,Pragyan Ojha,4,16,0,16,4,0,MI,Wankhede Stadium,14 May 2011
50,Dan Christian,3,12,0,8,4,0,CSK,Chidambaram,01 May 2011
51,Dan Christian,3,12,0,11,4,0,KTK,Jawaharlal Nehru Stadium,27 April 2011
52,Suresh Raina,4,16,0,11,4,0,DC,Chidambaram,12 May 2011
53,Piyush Chawla,4,17,4,15,4.25,6,RCB,HPCA Stadium,17 May 2011
54,Yuvraj Singh,4,17,2,9,4.25,12,DEC,Rajiv Gandhi Intl. Cricket Stadium,10 May 2011
55,Rahul Sharma,4,17,2,12,4.25,12,PBKS,IS Bindra Stadium,08 May 2011
56,Shane Warne,4,17,2,15,4.25,12,DC,Sawai Mansingh Stadium,12 April 2011
57,Praveen Kumar,4,17,1,15,4.25,24,PWI,IS Bindra Stadium,08 May 2011
58,Daniel Vettori,4,17,1,11,4.25,24,KTK,Jawaharlal Nehru Stadium,09 April 2011
59,Lasith Malinga,4,17,1,12,4.25,24,DEC,Wankhede Stadium,14 May 2011
60,Shane Warne,4,17,1,9,4.25,24,KKR,Eden Gardens,17 April 2011
61,RP Singh,4,17,1,17,4.25,24,RR,Holkar Cricket Stadium,15 May 2011
62,Ankeet Chavan,4,17,0,14,4.25,0,MI,Wankhede Stadium,20 May 2011
63,Dan Christian,3,13,2,14,4.33,9,PWI,DY Patil Stadium,16 May 2011
64,Pragyan Ojha,3,13,1,9,4.33,18,PWI,Rajiv Gandhi Intl. Cricket Stadium,10 May 2011
65,Dale Steyn,3,13,1,11,4.33,18,PBKS,HPCA Stadium,21 May 2011
66,Harbhajan Singh,4,18,5,10,4.5,4.8,CSK,Wankhede Stadium,22 April 2011
67,Morne Morkel,4,18,3,12,4.5,8,KTK,Jawaharlal Nehru Stadium,30 April 2011
68,Ali Murtaza,4,18,2,13,4.5,12,PWI,Wankhede Stadium,20 April 2011
69,Dale Steyn,4,18,2,16,4.5,12,RR,Rajiv Gandhi Intl. Cricket Stadium,09 April 2011
70,Munaf Patel,4,18,2,9,4.5,12,PBKS,Wankhede Stadium,02 May 2011
71,Jacques Kallis,4,18,2,14,4.5,12,MI,Wankhede Stadium,25 May 2011
72,Munaf Patel,4,18,2,17,4.5,12,RR,Sawai Mansingh Stadium,29 April 2011
73,Muttiah Muralitharan,4,18,1,10,4.5,24,KKR,Eden Gardens,20 April 2011
74,James Faulkner,2,9,1,7,4.5,12,DC,Arun Jaitley Stadium,21 May 2011
75,Amit Mishra,4,18,1,10,4.5,24,MI,Wankhede Stadium,14 May 2011
76,Rahul Sharma,4,18,1,13,4.5,24,KTK,DY Patil Stadium,13 April 2011
77,Ravichandran Ashwin,4,18,1,12,4.5,24,RCB,M. Chinnaswamy Stadium,22 May 2011
78,Shrikant Wagh,2,9,1,5,4.5,12,MI,Wankhede Stadium,20 April 2011
79,Amit Singh,4,18,1,16,4.5,24,DC,Sawai Mansingh Stadium,12 April 2011
80,Bipul Sharma,2,9,0,5,4.5,0,KKR,Eden Gardens,30 April 2011
81,Daniel Vettori,4,18,0,11,4.5,0,MI,M. Chinnaswamy Stadium,12 April 2011
82,Chris Gayle,2,9,0,5,4.5,0,KKR,Eden Gardens,22 April 2011
83,Rajat Bhatia,4,18,0,13,4.5,0,PBKS,Eden Gardens,30 April 2011
84,Dale Steyn,3.3,16,3,16,4.57,7,KTK,Jawaharlal Nehru Stadium,27 April 2011
85,Harbhajan Singh,3,14,2,11,4.66,9,DC,Arun Jaitley Stadium,10 April 2011
86,Bhuvneshwar Kumar,3,14,2,9,4.66,9,PBKS,IS Bindra Stadium,08 May 2011
87,Rahul Sharma,3,14,1,8,4.66,18,MI,Wankhede Stadium,20 April 2011
88,Shane Warne,3,14,0,8,4.66,0,CSK,Chidambaram,04 May 2011
89,Mithun Manhas,3,14,0,8,4.66,0,PBKS,DY Patil Stadium,10 April 2011
90,Daniel Vettori,4,19,3,9,4.75,8,MI,Chidambaram,27 May 2011
91,Shane Watson,4,19,3,12,4.75,8,MI,Wankhede Stadium,20 May 2011
92,Siddharth Trivedi,4,19,3,11,4.75,8,KTK,Sawai Mansingh Stadium,24 April 2011
93,Ravichandran Ashwin,4,19,2,12,4.75,12,PWI,Chidambaram,25 April 2011
94,Ravichandran Ashwin,4,19,2,12,4.75,12,DC,Chidambaram,12 May 2011
95,Zaheer Khan,4,19,2,15,4.75,12,CSK,M. Chinnaswamy Stadium,22 May 2011
96,Praveen Kumar,4,19,2,17,4.75,12,MI,IS Bindra Stadium,10 May 2011
97,Lasith Malinga,4,19,2,10,4.75,12,PBKS,Wankhede Stadium,02 May 2011
98,Iqbal Abdulla,4,19,2,14,4.75,12,PBKS,Eden Gardens,30 April 2011
99,Amit Mishra,4,19,2,11,4.75,12,KKR,Eden Gardens,11 April 2011
100,Shane Watson,4,19,1,9,4.75,24,PWI,Sawai Mansingh Stadium,01 May 2011
101,Johan Botha,4,19,1,10,4.75,24,KTK,Sawai Mansingh Stadium,24 April 2011
102,Lasith Malinga,4,19,1,10,4.75,24,KKR,Wankhede Stadium,25 May 2011
103,Albie Morkel,4,19,1,15,4.75,24,MI,Wankhede Stadium,22 April 2011
104,Chris Gayle,4,19,0,10,4.75,0,CSK,Wankhede Stadium,24 May 2011
105,Irfan Pathan,2.5,14,0,8,4.94,0,MI,Arun Jaitley Stadium,10 April 2011
106,Lakshmipathy Balaji,3,15,3,10,5,6,RR,Eden Gardens,17 April 2011
107,Yusuf Pathan,4,20,3,12,5,8,KTK,Eden Gardens,20 April 2011
108,Doug Bollinger,4,20,2,8,5,12,PWI,Chidambaram,25 April 2011
109,Sreenath Aravind,4,20,2,14,5,12,CSK,M. Chinnaswamy Stadium,22 May 2011
110,Sreenath Aravind,4,20,2,13,5,12,KTK,M. Chinnaswamy Stadium,08 May 2011
111,Ashok Menaria,4,20,2,10,5,12,MI,Sawai Mansingh Stadium,29 April 2011
112,Lasith Malinga,4,20,2,12,5,12,CSK,Wankhede Stadium,22 April 2011
113,Doug Bollinger,4,20,1,11,5,24,RCB,Wankhede Stadium,24 May 2011
114,Vinay Kumar,3,15,1,9,5,18,PWI,DY Patil Stadium,13 April 2011
115,Yusuf Pathan,2,10,1,3,5,12,RR,Eden Gardens,17 April 2011
116,Varun Aaron,4,20,1,11,5,24,CSK,Chidambaram,12 May 2011
117,Wayne Parnell,4,20,1,16,5,24,PBKS,DY Patil Stadium,10 April 2011
118,Lasith Malinga,4,20,1,14,5,24,RR,Sawai Mansingh Stadium,29 April 2011
119,Roelof van der Merwe,3,15,1,8,5,18,KTK,Arun Jaitley Stadium,02 May 2011
120,Syed Mohammad,4,20,1,12,5,24,KKR,Eden Gardens,22 April 2011
121,Kieron Pollard,2,10,1,5,5,12,DEC,Wankhede Stadium,14 May 2011
122,Shrikant Wagh,2,10,0,8,5,0,KTK,DY Patil Stadium,13 April 2011
123,Dhawal Kulkarni,4,20,0,12,5,0,PWI,DY Patil Stadium,04 May 2011
124,Munaf Patel,3,15,0,8,5,0,KTK,Wankhede Stadium,15 April 2011
125,Yuvraj Singh,2,10,0,3,5,0,RCB,M. Chinnaswamy Stadium,29 April 2011
126,Shane Watson,4,20,0,12,5,0,KKR,Eden Gardens,17 April 2011
127,Rajat Bhatia,2,10,0,3,5,0,CSK,Eden Gardens,07 May 2011
128,Alfonso Thomas,3,15,0,9,5,0,DC,Arun Jaitley Stadium,21 May 2011
129,Bhuvneshwar Kumar,2,10,0,7,5,0,DEC,DY Patil Stadium,16 May 2011
130,Mitchell Marsh,2.1,11,1,3,5.07,13,DC,Arun Jaitley Stadium,21 May 2011
131,Brett Lee,2.2,12,1,6,5.14,14,RR,Eden Gardens,17 April 2011
132,Roelof van der Merwe,3.5,20,3,9,5.21,7.66,KTK,Jawaharlal Nehru Stadium,30 April 2011
133,Munaf Patel,4,21,5,13,5.25,4.8,PBKS,IS Bindra Stadium,10 May 2011
134,Doug Bollinger,4,21,3,14,5.25,8,PWI,DY Patil Stadium,27 April 2011
135,Chris Gayle,4,21,3,7,5.25,8,PBKS,M. Chinnaswamy Stadium,06 May 2011
136,RP Singh,4,21,2,12,5.25,12,DEC,Jawaharlal Nehru Stadium,27 April 2011
137,Shakib Al Hasan,4,21,2,10,5.25,12,RR,Eden Gardens,17 April 2011
138,Shane Warne,4,21,2,13,5.25,12,DEC,Rajiv Gandhi Intl. Cricket Stadium,09 April 2011
139,Shadab Jakati,4,21,2,9,5.25,12,RCB,Chidambaram,28 May 2011
140,Vinay Kumar,4,21,1,10,5.25,24,KKR,Eden Gardens,20 April 2011
141,Ali Murtaza,4,21,1,13,5.25,24,DC,Arun Jaitley Stadium,10 April 2011
142,Ishant Sharma,4,21,1,14,5.25,24,RCB,Rajiv Gandhi Intl. Cricket Stadium,14 April 2011
143,Dwayne Bravo,4,21,0,12,5.25,0,RCB,M. Chinnaswamy Stadium,22 May 2011
144,P Parameswaran,4,21,0,9,5.25,0,KKR,Jawaharlal Nehru Stadium,05 May 2011
145,Shrikant Wagh,3,16,3,11,5.33,6,PBKS,DY Patil Stadium,10 April 2011
146,Jacques Kallis,3,16,2,8,5.33,9,RCB,M. Chinnaswamy Stadium,14 May 2011
147,Yusuf Pathan,3,16,1,6,5.33,18,KTK,Jawaharlal Nehru Stadium,05 May 2011
148,Suresh Raina,3,16,0,8,5.33,0,PWI,DY Patil Stadium,27 April 2011
149,Vinay Kumar,3,16,0,8,5.33,0,CSK,Jawaharlal Nehru Stadium,18 April 2011
150,Lasith Malinga,3.2,18,2,12,5.4,10,DC,Wankhede Stadium,07 May 2011