POS,Player,Runs,BF,SR,4s,6s,Against,Venue,Match Date
1,Murali Vijay,127,56,226.78,8,11,RR,Chidambaram,03 April 2010
2,Yusuf Pathan,100,37,270.27,9,8,MI,Brabourne Stadium,13 March 2010
3,Yusuf Pathan,73,34,214.7,2,8,DEC,Narendra Modi Stadium,26 March 2010
4,Chris Gayle,88,42,209.52,6,8,PBKS,Eden Gardens,04 April 2010
5,Matthew Hayden,93,43,216.27,9,7,DC,Arun Jaitley Stadium,19 March 2010
6,Paul Collingwood,75,46,163.04,3,7,RCB,Arun Jaitley Stadium,04 April 2010
7,Murali Vijay,78,39,200,4,6,RCB,Chidambaram,31 March 2010
8,Robin Uthappa,68,38,178.94,3,6,CSK,M. Chinnaswamy Stadium,23 March 2010
9,Naman Ojha,94,55,170.9,8,6,CSK,Chidambaram,03 April 2010
10,Kieron Pollard,45,13,346.15,2,5,DC,Brabourne Stadium,13 April 2010
11,Shane Watson,60,25,240,5,5,CSK,Chidambaram,03 April 2010
12,Virender Sehwag,75,34,220.58,8,5,RR,Narendra Modi Stadium,15 March 2010
13,Irfan Pathan,60,29,206.89,3,5,DEC,Barabati Stadium,19 March 2010
14,Albie Morkel,62,34,182.35,3,5,RR,Chidambaram,03 April 2010
15,Andrew Symonds,54,30,180,3,5,DC,Arun Jaitley Stadium,18 April 2010
16,Naman Ojha,80,49,163.26,6,5,CSK,Narendra Modi Stadium,28 March 2010
17,Sourav Ganguly,88,54,162.96,9,5,DEC,Eden Gardens,01 April 2010
18,Jacques Kallis,89,55,161.81,8,5,PBKS,M. Chinnaswamy Stadium,16 March 2010
19,David Warner,107,69,155.07,9,5,KKR,Arun Jaitley Stadium,29 March 2010
20,Shaun Marsh,88,57,154.38,8,5,CSK,HPCA Stadium,18 April 2010
21,Robin Uthappa,51,21,242.85,4,4,PBKS,M. Chinnaswamy Stadium,16 March 2010
22,Robin Uthappa,50,22,227.27,4,4,KKR,M. Chinnaswamy Stadium,10 April 2010
23,Dinesh Karthik,69,38,181.57,6,4,RR,Arun Jaitley Stadium,31 March 2010
24,David Warner,57,33,172.72,4,4,DEC,Barabati Stadium,21 March 2010
25,Ambati Rayudu,46,27,170.37,3,4,RCB,M. Chinnaswamy Stadium,17 April 2010
26,Saurabh Tiwary,52,31,167.74,3,4,RCB,DY Patil Stadium,21 April 2010
27,Virat Kohli,58,35,165.71,4,4,DEC,M. Chinnaswamy Stadium,08 April 2010
28,Manvinder Bisla,75,51,147.05,7,4,RCB,M. Chinnaswamy Stadium,16 March 2010
29,Angelo Mathews,65,46,141.3,5,4,DEC,DY Patil Stadium,12 March 2010
30,Kieron Pollard,20,7,285.71,0,3,RCB,M. Chinnaswamy Stadium,17 April 2010
31,Kieron Pollard,33,13,253.84,1,3,RCB,DY Patil Stadium,21 April 2010
32,Albie Morkel,28,12,233.33,1,3,RR,Narendra Modi Stadium,28 March 2010
33,Adam Gilchrist,38,17,223.52,4,3,CSK,Chidambaram,14 March 2010
34,JP Duminy,42,19,221.05,3,3,RCB,M. Chinnaswamy Stadium,17 April 2010
35,Andrew Symonds,53,24,220.83,5,3,RCB,M. Chinnaswamy Stadium,08 April 2010
36,Ross Taylor,22,10,220,0,3,DC,Arun Jaitley Stadium,04 April 2010
37,Yuvraj Singh,33,16,206.25,2,3,KKR,Eden Gardens,04 April 2010
38,Adam Gilchrist,34,17,200,3,3,RR,Vidarbha Cricket Association Stadium,05 April 2010
39,Suresh Raina,78,39,200,11,3,KKR,Chidambaram,13 April 2010
40,MS Dhoni,66,33,200,6,3,KKR,Eden Gardens,16 March 2010
41,Virender Sehwag,74,38,194.73,10,3,CSK,Arun Jaitley Stadium,19 March 2010
42,Mahela Jayawardena,110,59,186.44,14,3,KKR,Eden Gardens,04 April 2010
43,Rohit Sharma,68,38,178.94,6,3,PBKS,HPCA Stadium,16 April 2010
44,Yuvraj Singh,28,16,175,1,3,RR,Sawai Mansingh Stadium,07 April 2010
45,Suresh Raina,46,27,170.37,5,3,PBKS,HPCA Stadium,18 April 2010
46,Robin Uthappa,34,20,170,0,3,DEC,Vidarbha Cricket Association Stadium,12 April 2010
47,Saurabh Tiwary,61,37,164.86,4,3,DC,Arun Jaitley Stadium,17 March 2010
48,Shikhar Dhawan,56,34,164.7,5,3,CSK,Brabourne Stadium,25 March 2010
49,Suresh Raina,57,35,162.85,3,3,MI,DY Patil Stadium,25 April 2010
50,Ambati Rayudu,34,21,161.9,1,3,DC,Arun Jaitley Stadium,17 March 2010
51,Albie Morkel,42,26,161.53,1,3,DEC,Chidambaram,14 March 2010
52,Shane Watson,58,36,161.11,3,3,DEC,Vidarbha Cricket Association Stadium,05 April 2010
53,Virender Sehwag,64,40,160,6,3,KKR,Eden Gardens,07 April 2010
54,Suresh Raina,83,52,159.61,7,3,MI,Brabourne Stadium,25 March 2010
55,Adam Gilchrist,54,35,154.28,3,3,KKR,DY Patil Stadium,12 March 2010
56,Rohit Sharma,45,30,150,3,3,DC,Barabati Stadium,21 March 2010
57,Manish Pandey,38,26,146.15,2,3,PBKS,M. Chinnaswamy Stadium,16 March 2010
58,Suresh Raina,49,34,144.11,3,3,DC,Arun Jaitley Stadium,19 March 2010
59,Harbhajan Singh,33,23,143.47,2,3,CSK,Chidambaram,06 April 2010
60,Rohit Sharma,49,35,140,2,3,RR,Narendra Modi Stadium,26 March 2010
61,Andrew Symonds,53,38,139.47,3,3,PBKS,Barabati Stadium,19 March 2010
62,Tirumalasetti Suman,43,31,138.7,3,3,PBKS,HPCA Stadium,16 April 2010
63,Tirumalasetti Suman,78,57,136.84,6,3,RCB,M. Chinnaswamy Stadium,08 April 2010
64,Mohnish Mishra,41,30,136.66,1,3,RCB,Vidarbha Cricket Association Stadium,12 April 2010
65,Owais Shah,58,46,126.08,3,3,DEC,DY Patil Stadium,12 March 2010
66,Saurabh Tiwary,44,35,125.71,1,3,DEC,Brabourne Stadium,03 April 2010
67,Paul Collingwood,51,42,121.42,1,3,DEC,Arun Jaitley Stadium,18 April 2010
68,Andrew Symonds,50,43,116.27,3,3,CSK,Chidambaram,14 March 2010
69,Cameron White,13,3,433.33,0,2,DEC,M. Chinnaswamy Stadium,08 April 2010
70,Adam Gilchrist,33,12,275,4,2,PBKS,Barabati Stadium,19 March 2010
71,Robin Uthappa,22,8,275,1,2,PBKS,IS Bindra Stadium,02 April 2010
72,Harbhajan Singh,49,18,272.22,8,2,DEC,DY Patil Stadium,28 March 2010
73,Kieron Pollard,27,10,270,3,2,CSK,DY Patil Stadium,25 April 2010
74,Mahela Jayawardena,21,8,262.5,2,2,CSK,HPCA Stadium,18 April 2010
75,David Warner,33,14,235.71,3,2,RCB,M. Chinnaswamy Stadium,25 March 2010
76,Rajat Bhatia,21,9,233.33,1,2,CSK,Arun Jaitley Stadium,19 March 2010
77,Kevin Pietersen,62,29,213.79,10,2,RR,Sawai Mansingh Stadium,14 April 2010
78,Cheteshwar Pujara,16,8,200,0,2,RCB,M. Chinnaswamy Stadium,10 April 2010
79,Robin Uthappa,26,13,200,2,2,MI,DY Patil Stadium,21 April 2010
80,Manvinder Bisla,35,18,194.44,4,2,RR,IS Bindra Stadium,24 March 2010
81,Michael Lumb,83,43,193.02,16,2,PBKS,Sawai Mansingh Stadium,07 April 2010
82,Chris Gayle,40,21,190.47,5,2,DC,Eden Gardens,07 April 2010
83,Ambati Rayudu,55,29,189.65,6,2,DEC,Brabourne Stadium,03 April 2010
84,Michael Lumb,30,16,187.5,3,2,CSK,Narendra Modi Stadium,28 March 2010
85,MS Dhoni,54,29,186.2,5,2,PBKS,HPCA Stadium,18 April 2010
86,Yuvraj Singh,36,20,180,3,2,RCB,IS Bindra Stadium,02 April 2010
87,Herschelle Gibbs,25,14,178.57,2,2,RR,Narendra Modi Stadium,26 March 2010
88,Kumar Sangakkara,38,22,172.72,2,2,KKR,Eden Gardens,04 April 2010
89,Manoj Tiwary,50,29,172.41,6,2,RCB,Eden Gardens,14 March 2010
90,Kedar Jadhav,50,29,172.41,5,2,RCB,M. Chinnaswamy Stadium,25 March 2010
91,Yusuf Pathan,24,14,171.42,2,2,DC,Arun Jaitley Stadium,31 March 2010
92,Dinesh Karthik,46,27,170.37,4,2,DEC,Barabati Stadium,21 March 2010
93,Aditya Tare,17,10,170,0,2,DC,Arun Jaitley Stadium,17 March 2010
94,Laxmi Ratan Shukla,17,10,170,0,2,CSK,Chidambaram,13 April 2010
95,Herschelle Gibbs,27,16,168.75,3,2,MI,DY Patil Stadium,28 March 2010
96,Adam Gilchrist,32,19,168.42,3,2,RCB,M. Chinnaswamy Stadium,08 April 2010
97,Adam Voges,37,22,168.18,2,2,KKR,Narendra Modi Stadium,20 March 2010
98,Ambati Rayudu,55,33,166.66,6,2,RR,Brabourne Stadium,13 March 2010
99,Rohit Sharma,73,44,165.9,8,2,RR,Vidarbha Cricket Association Stadium,05 April 2010
100,Angelo Mathews,46,28,164.28,3,2,DC,Eden Gardens,07 April 2010
101,Robin Uthappa,21,13,161.53,1,2,CSK,Chidambaram,31 March 2010
102,Yusuf Pathan,21,13,161.53,0,2,PBKS,Sawai Mansingh Stadium,07 April 2010
103,Rohit Sharma,45,28,160.71,3,2,MI,DY Patil Stadium,28 March 2010
104,Saurabh Tiwary,53,33,160.6,4,2,RR,Brabourne Stadium,13 March 2010
105,Manoj Tiwary,75,47,159.57,8,2,PBKS,IS Bindra Stadium,27 March 2010
106,Virender Sehwag,35,22,159.09,5,2,RCB,Arun Jaitley Stadium,04 April 2010
107,MF Maharoof,28,18,155.55,2,2,MI,Arun Jaitley Stadium,17 March 2010
108,Matthew Hayden,17,11,154.54,0,2,DEC,Chidambaram,14 March 2010
109,Ravi Bopara,77,50,154,9,2,RCB,M. Chinnaswamy Stadium,16 March 2010
110,Yuvraj Singh,43,28,153.57,4,2,CSK,Chidambaram,21 March 2010
111,Sachin Tendulkar,89,59,150.84,10,2,RR,Sawai Mansingh Stadium,11 April 2010
112,Mahela Jayawardena,93,62,150,13,2,DEC,HPCA Stadium,16 April 2010
113,David Warner,33,22,150,3,2,RCB,Arun Jaitley Stadium,04 April 2010
114,Murali Vijay,42,28,150,4,2,RR,Narendra Modi Stadium,28 March 2010
115,Sourav Ganguly,75,50,150,11,2,RR,Eden Gardens,17 April 2010
116,Rahul Dravid,52,35,148.57,5,2,KKR,M. Chinnaswamy Stadium,10 April 2010
117,Manish Pandey,40,27,148.14,3,2,MI,Brabourne Stadium,20 March 2010
118,Subramaniam Badrinath,53,36,147.22,7,2,PBKS,HPCA Stadium,18 April 2010
119,Andrew Symonds,35,24,145.83,3,2,DC,Barabati Stadium,21 March 2010
120,MS Dhoni,42,29,144.82,3,2,DEC,Chidambaram,14 March 2010
121,Chris Gayle,30,21,142.85,2,2,DC,Arun Jaitley Stadium,29 March 2010
122,Virat Kohli,17,12,141.66,0,2,MI,Brabourne Stadium,20 March 2010
123,Paras Dogra,41,29,141.37,2,2,MI,Brabourne Stadium,13 March 2010
124,Kevin Pietersen,29,21,138.09,1,2,DEC,DY Patil Stadium,24 April 2010
125,Matthew Hayden,33,24,137.5,4,2,PBKS,Chidambaram,21 March 2010
126,Murali Vijay,26,19,136.84,1,2,MI,DY Patil Stadium,25 April 2010
127,Saurabh Tiwary,38,28,135.71,1,2,DC,Brabourne Stadium,13 April 2010
128,Saurabh Tiwary,31,23,134.78,1,2,PBKS,Brabourne Stadium,30 March 2010
129,Brendon McCullum,45,36,125,5,2,RCB,M. Chinnaswamy Stadium,10 April 2010
130,Tirumalasetti Suman,55,44,125,4,2,CSK,Vidarbha Cricket Association Stadium,10 April 2010
131,Murali Vijay,50,40,125,4,2,KKR,Chidambaram,13 April 2010
132,JP Duminy,35,28,125,1,2,PBKS,IS Bindra Stadium,09 April 2010
133,Chris Gayle,75,60,125,7,2,MI,Brabourne Stadium,22 March 2010
134,Suresh Raina,52,42,123.8,4,2,DEC,Vidarbha Cricket Association Stadium,10 April 2010
135,Andrew Symonds,27,22,122.72,1,2,CSK,Vidarbha Cricket Association Stadium,10 April 2010
136,Herschelle Gibbs,31,26,119.23,2,2,DC,Barabati Stadium,21 March 2010
137,Paul Collingwood,53,45,117.77,3,2,KKR,Arun Jaitley Stadium,29 March 2010
138,Abhishek Raut,20,17,117.64,0,2,MI,Sawai Mansingh Stadium,11 April 2010
139,Sourav Ganguly,42,36,116.66,4,2,MI,Eden Gardens,19 April 2010
140,David Hussey,31,27,114.81,1,2,DEC,Eden Gardens,01 April 2010
141,Owais Shah,19,17,111.76,0,2,RR,Narendra Modi Stadium,20 March 2010
142,Paras Dogra,29,26,111.53,1,2,DC,Narendra Modi Stadium,15 March 2010
143,Yusuf Pathan,26,24,108.33,1,2,RCB,M. Chinnaswamy Stadium,18 March 2010
144,Abhishek Nayar,27,26,103.84,1,2,CSK,DY Patil Stadium,25 April 2010
145,Sourav Ganguly,33,32,103.12,2,2,RCB,M. Chinnaswamy Stadium,10 April 2010
146,Angelo Mathews,48,48,100,3,2,CSK,Chidambaram,13 April 2010
147,Parthiv Patel,57,58,98.27,4,2,PBKS,Chidambaram,21 March 2010
148,Irfan Pathan,16,5,320,2,1,RCB,IS Bindra Stadium,02 April 2010
149,Zaheer Khan,23,9,255.55,3,1,RCB,Brabourne Stadium,20 March 2010
150,Irfan Pathan,15,6,250,1,1,MI,IS Bindra Stadium,09 April 2010