"POS	Player	Ov	Runs	Wkts	SR	Against	Venue	Match Date
1	
RP Singh
	4	59	1	24.00	KKR	Rajiv Gandhi Intl. Cricket Stadium	11 May 2008
2	

Palani Amarnath
4	57	1	24.00	MI	Chidambaram	23 April 2008
3	

Vikram Singh
4	56	0	0.00	MI	Wankhede Stadium	21 May 2008
4	

Munaf Patel
4	55	0	0.00	DEC	Rajiv Gandhi Intl. Cricket Stadium	24 April 2008
5	

Munaf Patel
4	55	1	24.00	CSK	Chidambaram	24 May 2008
6	

Jacob Oram
4	53	0	0.00	MI	Chidambaram	23 April 2008
7	

James Hopes
4	53	1	24.00	CSK	IS Bindra Stadium	19 April 2008
8	

Mohammad Asif
4	51	0	0.00	DEC	Arun Jaitley Stadium	15 May 2008
9	

Pradeep Sangwan
3	51	0	0.00	RCB	M. Chinnaswamy Stadium	19 May 2008
10	

RP Singh
4	50	0	0.00	DC	Arun Jaitley Stadium	15 May 2008
11	

Brett Geeves
4	50	1	24.00	MI	Arun Jaitley Stadium	24 May 2008
12	

Yo Mahesh
4	50	2	12.00	RR	Wankhede Stadium	30 May 2008
13	

Ishant Sharma
4	49	0	0.00	PBKS	Eden Gardens	25 May 2008
14	

Siddharth Trivedi
4	48	0	0.00	PBKS	IS Bindra Stadium	28 May 2008
15	

Jacques Kallis
4	48	1	24.00	KKR	M. Chinnaswamy Stadium	18 April 2008
16	

Pankaj Singh
3	48	0	0.00	PBKS	IS Bindra Stadium	28 May 2008
17	

Anil Kumble
4	47	0	0.00	DEC	M. Chinnaswamy Stadium	03 May 2008
18	

Shane Warne
4	47	0	0.00	DC	Sawai Mansingh Stadium	11 May 2008
19	

Rajat Bhatia
4	47	0	0.00	RCB	M. Chinnaswamy Stadium	19 May 2008
20	

Joginder Sharma
4	47	1	24.00	PBKS	IS Bindra Stadium	19 April 2008
21	

Pragyan Ojha
4	47	1	24.00	RR	Sawai Mansingh Stadium	09 May 2008
22	

Shane Warne
4	47	2	12.00	DEC	Rajiv Gandhi Intl. Cricket Stadium	24 April 2008
23	

Irfan Pathan
4	47	2	12.00	CSK	IS Bindra Stadium	19 April 2008
24	

Zaheer Khan
4	46	0	0.00	RR	Sawai Mansingh Stadium	17 May 2008
25	

Ajit Agarkar
4	46	1	24.00	RR	Sawai Mansingh Stadium	01 May 2008
26	

Mohammad Asif
4	46	1	24.00	MI	DY Patil Stadium	04 May 2008
27	

Andrew Symonds
2.5	46	0	0.00	RR	Rajiv Gandhi Intl. Cricket Stadium	24 April 2008
28	

Anil Kumble
4	45	0	0.00	MI	M. Chinnaswamy Stadium	28 May 2008
29	

Ashish Nehra
4	45	1	24.00	RCB	Wankhede Stadium	20 April 2008
30	

Lakshmipathy Balaji
3	45	0	0.00	RR	Chidambaram	24 May 2008
31	

Joginder Sharma
3	45	0	0.00	DEC	Chidambaram	06 May 2008
32	

RP Singh
4	44	1	24.00	RR	Rajiv Gandhi Intl. Cricket Stadium	24 April 2008
33	

Albie Morkel
3	44	0	0.00	MI	Wankhede Stadium	14 May 2008
34	

Shanthakumaran Sreesanth
3	44	1	18.00	RR	IS Bindra Stadium	28 May 2008
35	

Makhaya Ntini
4	43	0	0.00	RR	Chidambaram	24 May 2008
36	

Vikrant Yeligati
4	43	0	0.00	PBKS	Wankhede Stadium	21 May 2008
37	

Gajendra Singh
4	43	1	24.00	PBKS	IS Bindra Stadium	03 May 2008
38	

Umar Gul
4	43	1	24.00	DEC	Rajiv Gandhi Intl. Cricket Stadium	11 May 2008
39	

Jacques Kallis
3	43	0	0.00	MI	Wankhede Stadium	20 April 2008
40	

Lakshmipathy Balaji
4	42	0	0.00	RR	DY Patil Stadium	01 June 2008
41	

Mohammad Asif
4	42	0	0.00	RCB	Arun Jaitley Stadium	30 April 2008
42	

Chaminda Vaas
4	42	1	24.00	RR	Rajiv Gandhi Intl. Cricket Stadium	24 April 2008
43	

Manpreet Gony
4	42	1	24.00	PBKS	IS Bindra Stadium	19 April 2008
44	

Palani Amarnath
4	42	1	24.00	PBKS	IS Bindra Stadium	19 April 2008
45	

Zaheer Khan
4	42	1	24.00	DC	Arun Jaitley Stadium	30 April 2008
46	

Glenn McGrath
4	42	2	12.00	DEC	Arun Jaitley Stadium	15 May 2008
47	

Praveen Kumar
3	42	1	18.00	RR	M. Chinnaswamy Stadium	26 April 2008
48	

Muttiah Muralitharan
4	41	0	0.00	KKR	Eden Gardens	18 May 2008
49	

Brett Geeves
4	41	0	0.00	RR	Arun Jaitley Stadium	19 April 2008
50	

Ishant Sharma
4	41	0	0.00	PBKS	IS Bindra Stadium	03 May 2008
51	

Vinay Kumar
4	41	0	0.00	MI	Wankhede Stadium	20 April 2008
52	

Dilhara Fernando
4	41	1	24.00	KKR	Eden Gardens	29 April 2008
53	

RP Singh
4	41	3	8.00	RCB	M. Chinnaswamy Stadium	03 May 2008
54	

Dale Steyn
4	40	0	0.00	CSK	M. Chinnaswamy Stadium	28 April 2008
55	

Albie Morkel
4	40	0	0.00	DC	Chidambaram	02 May 2008
56	

Pradeep Sangwan
4	40	0	0.00	CSK	Chidambaram	02 May 2008
57	

Vikram Singh
4	40	1	24.00	MI	IS Bindra Stadium	25 April 2008
58	

Sohail Tanvir
4	40	1	24.00	CSK	DY Patil Stadium	01 June 2008
59	

Shaun Pollock
4	40	1	24.00	PBKS	IS Bindra Stadium	25 April 2008
60	

Ashley Noffke
4	40	1	24.00	KKR	M. Chinnaswamy Stadium	18 April 2008
61	

Vikram Singh
4	40	1	24.00	DEC	IS Bindra Stadium	23 May 2008
62	

Shane Watson
4	40	1	24.00	PBKS	IS Bindra Stadium	28 May 2008
63	

Yo Mahesh
4	40	2	12.00	CSK	Arun Jaitley Stadium	08 May 2008
64	

Manpreet Gony
4	40	2	12.00	KKR	Chidambaram	26 April 2008
65	

Siddharth Chitnis
4	40	2	12.00	PBKS	Wankhede Stadium	21 May 2008
66	

Muttiah Muralitharan
4	40	2	12.00	MI	Chidambaram	23 April 2008
67	

Jacques Kallis
4	39	0	0.00	RR	Sawai Mansingh Stadium	17 May 2008
68	

Glenn McGrath
4	39	0	0.00	MI	Arun Jaitley Stadium	24 May 2008
69	

Sohail Tanvir
4	39	0	0.00	DEC	Sawai Mansingh Stadium	09 May 2008
70	

Shane Watson
4	39	0	0.00	PBKS	Sawai Mansingh Stadium	21 April 2008
71	

Manpreet Gony
4	39	1	24.00	DC	Chidambaram	02 May 2008
72	

Sanath Jayasuriya
4	39	1	24.00	RCB	Wankhede Stadium	20 April 2008
73	

Mohammad Asif
4	39	2	12.00	PBKS	IS Bindra Stadium	27 April 2008
74	

MF Maharoof
4	39	2	12.00	DEC	Arun Jaitley Stadium	15 May 2008
75	

Muttiah Muralitharan
4	39	2	12.00	RR	DY Patil Stadium	01 June 2008
76	

Jacques Kallis
4	39	2	12.00	DC	Arun Jaitley Stadium	30 April 2008
77	

Balachandra Akhil
3	39	0	0.00	DEC	Rajiv Gandhi Intl. Cricket Stadium	25 May 2008
78	

Glenn McGrath
4	38	0	0.00	RR	Wankhede Stadium	30 May 2008
79	

Praveen Kumar
4	38	0	0.00	KKR	M. Chinnaswamy Stadium	18 April 2008
80	

Albie Morkel
4	38	1	24.00	RCB	M. Chinnaswamy Stadium	28 April 2008
81	

Zaheer Khan
4	38	1	24.00	KKR	M. Chinnaswamy Stadium	18 April 2008
82	

Manpreet Gony
4	38	1	24.00	PBKS	Chidambaram	10 May 2008
83	

Dilhara Fernando
4	38	2	12.00	DEC	Rajiv Gandhi Intl. Cricket Stadium	18 May 2008
84	

Palani Amarnath
4	38	2	12.00	RCB	M. Chinnaswamy Stadium	28 April 2008
85	

Zaheer Khan
4	38	3	8.00	CSK	M. Chinnaswamy Stadium	28 April 2008
86	

Shanthakumaran Sreesanth
3.1	38	1	19.00	RR	Sawai Mansingh Stadium	21 April 2008
87	

Munaf Patel
4	37	0	0.00	PBKS	IS Bindra Stadium	28 May 2008
88	

Makhaya Ntini
4	37	0	0.00	DEC	Chidambaram	06 May 2008
89	

Irfan Pathan
4	37	0	0.00	MI	Wankhede Stadium	21 May 2008
90	

Jacob Oram
4	37	0	0.00	PBKS	IS Bindra Stadium	19 April 2008
91	

Gajendra Singh
4	37	1	24.00	DEC	Rajiv Gandhi Intl. Cricket Stadium	01 May 2008
92	

Rohan Raje
4	37	1	24.00	RR	Sawai Mansingh Stadium	26 May 2008
93	

Amit Mishra
4	37	2	12.00	RR	Wankhede Stadium	30 May 2008
94	

Dhawal Kulkarni
4	37	2	12.00	PBKS	IS Bindra Stadium	25 April 2008
95	

Dwayne Bravo
4	37	2	12.00	CSK	Wankhede Stadium	14 May 2008
96	

Albie Morkel
4	37	2	12.00	DEC	Rajiv Gandhi Intl. Cricket Stadium	27 May 2008
97	

RP Singh
3.3	37	0	0.00	PBKS	IS Bindra Stadium	23 May 2008
98	

Zaheer Khan
3	37	0	0.00	DC	M. Chinnaswamy Stadium	19 May 2008
99	

Nuwan Zoysa
3	37	0	0.00	MI	Rajiv Gandhi Intl. Cricket Stadium	18 May 2008
100	

Siddharth Trivedi
3	37	0	0.00	DEC	Rajiv Gandhi Intl. Cricket Stadium	24 April 2008
101	

Shane Watson
4	36	0	0.00	KKR	Eden Gardens	20 May 2008
102	

Anil Kumble
4	36	0	0.00	PBKS	IS Bindra Stadium	12 May 2008
103	

David Hussey
4	36	0	0.00	PBKS	Eden Gardens	25 May 2008
104	

Jacques Kallis
4	36	0	0.00	CSK	M. Chinnaswamy Stadium	28 April 2008
105	

James Hopes
4	36	0	0.00	CSK	Chidambaram	10 May 2008
106	

Dilhara Fernando
4	36	1	24.00	PBKS	Wankhede Stadium	21 May 2008
107	

Manpreet Gony
4	36	1	24.00	DC	Arun Jaitley Stadium	08 May 2008
108	

Lakshmipathy Balaji
4	36	1	24.00	KKR	Eden Gardens	18 May 2008
109	

Chaminda Vaas
4	36	1	24.00	RCB	Rajiv Gandhi Intl. Cricket Stadium	25 May 2008
110	

Sanjay Bangar
4	36	1	24.00	CSK	Chidambaram	06 May 2008
111	

Munaf Patel
4	36	1	24.00	PBKS	Sawai Mansingh Stadium	21 April 2008
112	

Scott Styris
4	36	1	24.00	PBKS	IS Bindra Stadium	23 May 2008
113	

Harbhajan Singh
4	36	2	12.00	RCB	Wankhede Stadium	20 April 2008
114	

Piyush Chawla
4	36	2	12.00	KKR	Eden Gardens	25 May 2008
115	

MF Maharoof
4	36	2	12.00	DEC	Rajiv Gandhi Intl. Cricket Stadium	22 April 2008
116	

Yo Mahesh
4	36	4	6.00	MI	Arun Jaitley Stadium	24 May 2008
117	

RP Singh
3.5	36	0	0.00	PBKS	Rajiv Gandhi Intl. Cricket Stadium	01 May 2008
118	

Irfan Pathan
3.4	36	0	0.00	KKR	Eden Gardens	25 May 2008
119	

Anil Kumble
3.2	36	0	0.00	PBKS	M. Chinnaswamy Stadium	05 May 2008
120	

Dwayne Bravo
3	36	0	0.00	CSK	Chidambaram	23 April 2008
121	

Praveen Kumar
3	36	1	18.00	KKR	Eden Gardens	08 May 2008
122	

Chaminda Vaas
3	36	1	18.00	KKR	Rajiv Gandhi Intl. Cricket Stadium	11 May 2008
123	

Piyush Chawla
3	36	1	18.00	CSK	Chidambaram	10 May 2008
124	

Sanath Jayasuriya
4	35	0	0.00	DC	Arun Jaitley Stadium	24 May 2008
125	

Zaheer Khan
4	35	0	0.00	PBKS	IS Bindra Stadium	12 May 2008
126	

Daniel Vettori
4	35	1	24.00	RR	Arun Jaitley Stadium	19 April 2008
127	

Jacques Kallis
4	35	1	24.00	DEC	M. Chinnaswamy Stadium	03 May 2008
128	

Vikram Singh
4	35	1	24.00	CSK	Chidambaram	10 May 2008
129	

Brett Lee
4	35	1	24.00	CSK	IS Bindra Stadium	19 April 2008
130	

Ashish Nehra
4	35	1	24.00	CSK	Chidambaram	23 April 2008
131	

Yo Mahesh
4	35	1	24.00	DEC	Rajiv Gandhi Intl. Cricket Stadium	22 April 2008
132	

Brett Lee
4	35	1	24.00	RR	Sawai Mansingh Stadium	21 April 2008
133	

Shanthakumaran Sreesanth
4	35	2	12.00	MI	Wankhede Stadium	21 May 2008
134	

Lakshmipathy Balaji
4	35	2	12.00	DC	Arun Jaitley Stadium	08 May 2008
135	

Albie Morkel
4	35	2	12.00	DC	Arun Jaitley Stadium	08 May 2008
136	

Albie Morkel
4	35	2	12.00	RR	Chidambaram	24 May 2008
137	

Shane Warne
4	35	2	12.00	CSK	Chidambaram	24 May 2008
138	

RP Singh
4	35	3	8.00	MI	Rajiv Gandhi Intl. Cricket Stadium	18 May 2008
139	

Piyush Chawla
4	35	3	8.00	RR	IS Bindra Stadium	28 May 2008
140	

James Hopes
3	35	0	0.00	KKR	IS Bindra Stadium	03 May 2008
141	

Shanthakumaran Sreesanth
3	35	0	0.00	CSK	IS Bindra Stadium	19 April 2008
142	

Palani Amarnath
3	35	0	0.00	DC	Arun Jaitley Stadium	08 May 2008
143	

Palani Amarnath
3	35	1	18.00	PBKS	Chidambaram	10 May 2008
144	

Joginder Sharma
3	35	1	18.00	DC	Chidambaram	02 May 2008
145	

David Hussey
3	35	1	18.00	DEC	Eden Gardens	20 April 2008
146	

Yo Mahesh
2.1	35	0	0.00	RR	Sawai Mansingh Stadium	11 May 2008
147	

Andrew Symonds
2	35	0	0.00	DC	Rajiv Gandhi Intl. Cricket Stadium	22 April 2008
148	

Balachandra Akhil
4	34	0	0.00	CSK	M. Chinnaswamy Stadium	28 April 2008
149	

Shane Warne
4	34	0	0.00	CSK	DY Patil Stadium	01 June 2008
150	

Vikram Singh
4	34	0	0.00	DEC	Rajiv Gandhi Intl. Cricket Stadium	01 May 2008",,,,,,,,
POS,Player,Ov,Runs,Wkts,SR,Against,Venue,Match Date
1,RP Singh,4,59,1,24,KKR,Rajiv Gandhi Intl. Cricket Stadium,11 May 2008
2,Palani Amarnath,4,57,1,24,MI,Chidambaram,23 April 2008
3,Vikram Singh,4,56,0,0,MI,Wankhede Stadium,21 May 2008
4,Munaf Patel,4,55,0,0,DEC,Rajiv Gandhi Intl. Cricket Stadium,24 April 2008
5,Munaf Patel,4,55,1,24,CSK,Chidambaram,24 May 2008
6,Jacob Oram,4,53,0,0,MI,Chidambaram,23 April 2008
7,James Hopes,4,53,1,24,CSK,IS Bindra Stadium,19 April 2008
8,Mohammad Asif,4,51,0,0,DEC,Arun Jaitley Stadium,15 May 2008
9,Pradeep Sangwan,3,51,0,0,RCB,M. Chinnaswamy Stadium,19 May 2008
10,RP Singh,4,50,0,0,DC,Arun Jaitley Stadium,15 May 2008
11,Brett Geeves,4,50,1,24,MI,Arun Jaitley Stadium,24 May 2008
12,Yo Mahesh,4,50,2,12,RR,Wankhede Stadium,30 May 2008
13,Ishant Sharma,4,49,0,0,PBKS,Eden Gardens,25 May 2008
14,Siddharth Trivedi,4,48,0,0,PBKS,IS Bindra Stadium,28 May 2008
15,Jacques Kallis,4,48,1,24,KKR,M. Chinnaswamy Stadium,18 April 2008
16,Pankaj Singh,3,48,0,0,PBKS,IS Bindra Stadium,28 May 2008
17,Anil Kumble,4,47,0,0,DEC,M. Chinnaswamy Stadium,03 May 2008
18,Shane Warne,4,47,0,0,DC,Sawai Mansingh Stadium,11 May 2008
19,Rajat Bhatia,4,47,0,0,RCB,M. Chinnaswamy Stadium,19 May 2008
20,Joginder Sharma,4,47,1,24,PBKS,IS Bindra Stadium,19 April 2008
21,Pragyan Ojha,4,47,1,24,RR,Sawai Mansingh Stadium,09 May 2008
22,Shane Warne,4,47,2,12,DEC,Rajiv Gandhi Intl. Cricket Stadium,24 April 2008
23,Irfan Pathan,4,47,2,12,CSK,IS Bindra Stadium,19 April 2008
24,Zaheer Khan,4,46,0,0,RR,Sawai Mansingh Stadium,17 May 2008
25,Ajit Agarkar,4,46,1,24,RR,Sawai Mansingh Stadium,01 May 2008
26,Mohammad Asif,4,46,1,24,MI,DY Patil Stadium,04 May 2008
27,Andrew Symonds,2.5,46,0,0,RR,Rajiv Gandhi Intl. Cricket Stadium,24 April 2008
28,Anil Kumble,4,45,0,0,MI,M. Chinnaswamy Stadium,28 May 2008
29,Ashish Nehra,4,45,1,24,RCB,Wankhede Stadium,20 April 2008
30,Lakshmipathy Balaji,3,45,0,0,RR,Chidambaram,24 May 2008
31,Joginder Sharma,3,45,0,0,DEC,Chidambaram,06 May 2008
32,RP Singh,4,44,1,24,RR,Rajiv Gandhi Intl. Cricket Stadium,24 April 2008
33,Albie Morkel,3,44,0,0,MI,Wankhede Stadium,14 May 2008
34,Shanthakumaran Sreesanth,3,44,1,18,RR,IS Bindra Stadium,28 May 2008
35,Makhaya Ntini,4,43,0,0,RR,Chidambaram,24 May 2008
36,Vikrant Yeligati,4,43,0,0,PBKS,Wankhede Stadium,21 May 2008
37,Gajendra Singh,4,43,1,24,PBKS,IS Bindra Stadium,03 May 2008
38,Umar Gul,4,43,1,24,DEC,Rajiv Gandhi Intl. Cricket Stadium,11 May 2008
39,Jacques Kallis,3,43,0,0,MI,Wankhede Stadium,20 April 2008
40,Lakshmipathy Balaji,4,42,0,0,RR,DY Patil Stadium,01 June 2008
41,Mohammad Asif,4,42,0,0,RCB,Arun Jaitley Stadium,30 April 2008
42,Chaminda Vaas,4,42,1,24,RR,Rajiv Gandhi Intl. Cricket Stadium,24 April 2008
43,Manpreet Gony,4,42,1,24,PBKS,IS Bindra Stadium,19 April 2008
44,Palani Amarnath,4,42,1,24,PBKS,IS Bindra Stadium,19 April 2008
45,Zaheer Khan,4,42,1,24,DC,Arun Jaitley Stadium,30 April 2008
46,Glenn McGrath,4,42,2,12,DEC,Arun Jaitley Stadium,15 May 2008
47,Praveen Kumar,3,42,1,18,RR,M. Chinnaswamy Stadium,26 April 2008
48,Muttiah Muralitharan,4,41,0,0,KKR,Eden Gardens,18 May 2008
49,Brett Geeves,4,41,0,0,RR,Arun Jaitley Stadium,19 April 2008
50,Ishant Sharma,4,41,0,0,PBKS,IS Bindra Stadium,03 May 2008
51,Vinay Kumar,4,41,0,0,MI,Wankhede Stadium,20 April 2008
52,Dilhara Fernando,4,41,1,24,KKR,Eden Gardens,29 April 2008
53,RP Singh,4,41,3,8,RCB,M. Chinnaswamy Stadium,03 May 2008
54,Dale Steyn,4,40,0,0,CSK,M. Chinnaswamy Stadium,28 April 2008
55,Albie Morkel,4,40,0,0,DC,Chidambaram,02 May 2008
56,Pradeep Sangwan,4,40,0,0,CSK,Chidambaram,02 May 2008
57,Vikram Singh,4,40,1,24,MI,IS Bindra Stadium,25 April 2008
58,Sohail Tanvir,4,40,1,24,CSK,DY Patil Stadium,01 June 2008
59,Shaun Pollock,4,40,1,24,PBKS,IS Bindra Stadium,25 April 2008
60,Ashley Noffke,4,40,1,24,KKR,M. Chinnaswamy Stadium,18 April 2008
61,Vikram Singh,4,40,1,24,DEC,IS Bindra Stadium,23 May 2008
62,Shane Watson,4,40,1,24,PBKS,IS Bindra Stadium,28 May 2008
63,Yo Mahesh,4,40,2,12,CSK,Arun Jaitley Stadium,08 May 2008
64,Manpreet Gony,4,40,2,12,KKR,Chidambaram,26 April 2008
65,Siddharth Chitnis,4,40,2,12,PBKS,Wankhede Stadium,21 May 2008
66,Muttiah Muralitharan,4,40,2,12,MI,Chidambaram,23 April 2008
67,Jacques Kallis,4,39,0,0,RR,Sawai Mansingh Stadium,17 May 2008
68,Glenn McGrath,4,39,0,0,MI,Arun Jaitley Stadium,24 May 2008
69,Sohail Tanvir,4,39,0,0,DEC,Sawai Mansingh Stadium,09 May 2008
70,Shane Watson,4,39,0,0,PBKS,Sawai Mansingh Stadium,21 April 2008
71,Manpreet Gony,4,39,1,24,DC,Chidambaram,02 May 2008
72,Sanath Jayasuriya,4,39,1,24,RCB,Wankhede Stadium,20 April 2008
73,Mohammad Asif,4,39,2,12,PBKS,IS Bindra Stadium,27 April 2008
74,MF Maharoof,4,39,2,12,DEC,Arun Jaitley Stadium,15 May 2008
75,Muttiah Muralitharan,4,39,2,12,RR,DY Patil Stadium,01 June 2008
76,Jacques Kallis,4,39,2,12,DC,Arun Jaitley Stadium,30 April 2008
77,Balachandra Akhil,3,39,0,0,DEC,Rajiv Gandhi Intl. Cricket Stadium,25 May 2008
78,Glenn McGrath,4,38,0,0,RR,Wankhede Stadium,30 May 2008
79,Praveen Kumar,4,38,0,0,KKR,M. Chinnaswamy Stadium,18 April 2008
80,Albie Morkel,4,38,1,24,RCB,M. Chinnaswamy Stadium,28 April 2008
81,Zaheer Khan,4,38,1,24,KKR,M. Chinnaswamy Stadium,18 April 2008
82,Manpreet Gony,4,38,1,24,PBKS,Chidambaram,10 May 2008
83,Dilhara Fernando,4,38,2,12,DEC,Rajiv Gandhi Intl. Cricket Stadium,18 May 2008
84,Palani Amarnath,4,38,2,12,RCB,M. Chinnaswamy Stadium,28 April 2008
85,Zaheer Khan,4,38,3,8,CSK,M. Chinnaswamy Stadium,28 April 2008
86,Shanthakumaran Sreesanth,3.1,38,1,19,RR,Sawai Mansingh Stadium,21 April 2008
87,Munaf Patel,4,37,0,0,PBKS,IS Bindra Stadium,28 May 2008
88,Makhaya Ntini,4,37,0,0,DEC,Chidambaram,06 May 2008
89,Irfan Pathan,4,37,0,0,MI,Wankhede Stadium,21 May 2008
90,Jacob Oram,4,37,0,0,PBKS,IS Bindra Stadium,19 April 2008
91,Gajendra Singh,4,37,1,24,DEC,Rajiv Gandhi Intl. Cricket Stadium,01 May 2008
92,Rohan Raje,4,37,1,24,RR,Sawai Mansingh Stadium,26 May 2008
93,Amit Mishra,4,37,2,12,RR,Wankhede Stadium,30 May 2008
94,Dhawal Kulkarni,4,37,2,12,PBKS,IS Bindra Stadium,25 April 2008
95,Dwayne Bravo,4,37,2,12,CSK,Wankhede Stadium,14 May 2008
96,Albie Morkel,4,37,2,12,DEC,Rajiv Gandhi Intl. Cricket Stadium,27 May 2008
97,RP Singh,3.3,37,0,0,PBKS,IS Bindra Stadium,23 May 2008
98,Zaheer Khan,3,37,0,0,DC,M. Chinnaswamy Stadium,19 May 2008
99,Nuwan Zoysa,3,37,0,0,MI,Rajiv Gandhi Intl. Cricket Stadium,18 May 2008
100,Siddharth Trivedi,3,37,0,0,DEC,Rajiv Gandhi Intl. Cricket Stadium,24 April 2008
101,Shane Watson,4,36,0,0,KKR,Eden Gardens,20 May 2008
102,Anil Kumble,4,36,0,0,PBKS,IS Bindra Stadium,12 May 2008
103,David Hussey,4,36,0,0,PBKS,Eden Gardens,25 May 2008
104,Jacques Kallis,4,36,0,0,CSK,M. Chinnaswamy Stadium,28 April 2008
105,James Hopes,4,36,0,0,CSK,Chidambaram,10 May 2008
106,Dilhara Fernando,4,36,1,24,PBKS,Wankhede Stadium,21 May 2008
107,Manpreet Gony,4,36,1,24,DC,Arun Jaitley Stadium,08 May 2008
108,Lakshmipathy Balaji,4,36,1,24,KKR,Eden Gardens,18 May 2008
109,Chaminda Vaas,4,36,1,24,RCB,Rajiv Gandhi Intl. Cricket Stadium,25 May 2008
110,Sanjay Bangar,4,36,1,24,CSK,Chidambaram,06 May 2008
111,Munaf Patel,4,36,1,24,PBKS,Sawai Mansingh Stadium,21 April 2008
112,Scott Styris,4,36,1,24,PBKS,IS Bindra Stadium,23 May 2008
113,Harbhajan Singh,4,36,2,12,RCB,Wankhede Stadium,20 April 2008
114,Piyush Chawla,4,36,2,12,KKR,Eden Gardens,25 May 2008
115,MF Maharoof,4,36,2,12,DEC,Rajiv Gandhi Intl. Cricket Stadium,22 April 2008
116,Yo Mahesh,4,36,4,6,MI,Arun Jaitley Stadium,24 May 2008
117,RP Singh,3.5,36,0,0,PBKS,Rajiv Gandhi Intl. Cricket Stadium,01 May 2008
118,Irfan Pathan,3.4,36,0,0,KKR,Eden Gardens,25 May 2008
119,Anil Kumble,3.2,36,0,0,PBKS,M. Chinnaswamy Stadium,05 May 2008
120,Dwayne Bravo,3,36,0,0,CSK,Chidambaram,23 April 2008
121,Praveen Kumar,3,36,1,18,KKR,Eden Gardens,08 May 2008
122,Chaminda Vaas,3,36,1,18,KKR,Rajiv Gandhi Intl. Cricket Stadium,11 May 2008
123,Piyush Chawla,3,36,1,18,CSK,Chidambaram,10 May 2008
124,Sanath Jayasuriya,4,35,0,0,DC,Arun Jaitley Stadium,24 May 2008
125,Zaheer Khan,4,35,0,0,PBKS,IS Bindra Stadium,12 May 2008
126,Daniel Vettori,4,35,1,24,RR,Arun Jaitley Stadium,19 April 2008
127,Jacques Kallis,4,35,1,24,DEC,M. Chinnaswamy Stadium,03 May 2008
128,Vikram Singh,4,35,1,24,CSK,Chidambaram,10 May 2008
129,Brett Lee,4,35,1,24,CSK,IS Bindra Stadium,19 April 2008
130,Ashish Nehra,4,35,1,24,CSK,Chidambaram,23 April 2008
131,Yo Mahesh,4,35,1,24,DEC,Rajiv Gandhi Intl. Cricket Stadium,22 April 2008
132,Brett Lee,4,35,1,24,RR,Sawai Mansingh Stadium,21 April 2008
133,Shanthakumaran Sreesanth,4,35,2,12,MI,Wankhede Stadium,21 May 2008
134,Lakshmipathy Balaji,4,35,2,12,DC,Arun Jaitley Stadium,08 May 2008
135,Albie Morkel,4,35,2,12,DC,Arun Jaitley Stadium,08 May 2008
136,Albie Morkel,4,35,2,12,RR,Chidambaram,24 May 2008
137,Shane Warne,4,35,2,12,CSK,Chidambaram,24 May 2008
138,RP Singh,4,35,3,8,MI,Rajiv Gandhi Intl. Cricket Stadium,18 May 2008
139,Piyush Chawla,4,35,3,8,RR,IS Bindra Stadium,28 May 2008
140,James Hopes,3,35,0,0,KKR,IS Bindra Stadium,03 May 2008
141,Shanthakumaran Sreesanth,3,35,0,0,CSK,IS Bindra Stadium,19 April 2008
142,Palani Amarnath,3,35,0,0,DC,Arun Jaitley Stadium,08 May 2008
143,Palani Amarnath,3,35,1,18,PBKS,Chidambaram,10 May 2008
144,Joginder Sharma,3,35,1,18,DC,Chidambaram,02 May 2008
145,David Hussey,3,35,1,18,DEC,Eden Gardens,20 April 2008
146,Yo Mahesh,2.1,35,0,0,RR,Sawai Mansingh Stadium,11 May 2008
147,Andrew Symonds,2,35,0,0,DC,Rajiv Gandhi Intl. Cricket Stadium,22 April 2008
148,Balachandra Akhil,4,34,0,0,CSK,M. Chinnaswamy Stadium,28 April 2008
149,Shane Warne,4,34,0,0,CSK,DY Patil Stadium,01 June 2008
150,Vikram Singh,4,34,0,0,DEC,Rajiv Gandhi Intl. Cricket Stadium,01 May 2008