POS,Player,Ov,Runs,Wkts,SR,Against,Venue,Match Date
1,Kagiso Rabada,4,59,0,0,SRH,Arun Jaitley Stadium,02 May 2017
2,Pat Cummins,4,59,0,0,MI,Arun Jaitley Stadium,06 May 2017
3,Lasith Malinga,4,58,0,0,PBKS,Holkar Cricket Stadium,20 April 2017
4,Ishant Sharma,4,58,0,0,MI,Holkar Cricket Stadium,20 April 2017
5,Ravindra Jadeja,4,57,0,0,RCB,Saurashtra Cricket Association Stadium,18 April 2017
6,Ashok Dinda,4,57,0,0,MI,Maharashtra Cricket Association's International Stadium,06 April 2017
7,Mohit Sharma,4,57,2,12,MI,Wankhede Stadium,11 May 2017
8,Aniket Choudhary,4,55,1,24,SRH,Rajiv Gandhi Intl. Cricket Stadium,05 April 2017
9,Mitchell McClenaghan,4,54,1,24,PBKS,Wankhede Stadium,11 May 2017
10,Umesh Yadav,4,53,1,24,DC,Arun Jaitley Stadium,17 April 2017
11,Sreenath Aravind,4,53,1,24,GL,Saurashtra Cricket Association Stadium,18 April 2017
12,Imran Tahir,4,53,1,24,GL,Saurashtra Cricket Association Stadium,14 April 2017
13,Mitchell McClenaghan,4,51,1,24,KKR,Wankhede Stadium,09 April 2017
14,Lasith Malinga,4,51,1,24,GL,Wankhede Stadium,16 April 2017
15,Praveen Kumar,4,51,1,24,RPS,Saurashtra Cricket Association Stadium,14 April 2017
16,Mitchell McClenaghan,4,50,0,0,GL,Saurashtra Cricket Association Stadium,29 April 2017
17,Shardul Thakur,4,50,0,0,SRH,Maharashtra Cricket Association's International Stadium,22 April 2017
18,Chris Woakes,4,49,2,12,SRH,Eden Gardens,15 April 2017
19,Imran Tahir,4,48,0,0,KKR,Maharashtra Cricket Association's International Stadium,26 April 2017
20,Basil Thampi,4,48,1,24,PBKS,IS Bindra Stadium,07 May 2017
21,Mohit Sharma,4,47,0,0,RCB,Holkar Cricket Stadium,10 April 2017
22,Trent Boult,3.5,47,0,0,MI,Wankhede Stadium,09 April 2017
23,Ashish Nehra,4,46,1,24,MI,Wankhede Stadium,12 April 2017
24,Chris Woakes,4,46,1,24,SRH,Rajiv Gandhi Intl. Cricket Stadium,30 April 2017
25,Mitchell McClenaghan,4,46,1,24,RPS,Wankhede Stadium,16 May 2017
26,Mitchell McClenaghan,4,46,2,12,PBKS,Holkar Cricket Stadium,20 April 2017
27,Lasith Malinga,4,45,0,0,PBKS,Wankhede Stadium,11 May 2017
28,Jasprit Bumrah,4,45,0,0,GL,Wankhede Stadium,16 April 2017
29,Adam Zampa,4,45,1,24,DC,Maharashtra Cricket Association's International Stadium,11 April 2017
30,Varun Aaron,4,45,2,12,DC,Arun Jaitley Stadium,15 April 2017
31,Harbhajan Singh,3,45,0,0,PBKS,Wankhede Stadium,11 May 2017
32,Siddarth Kaul,3,45,0,0,RPS,Maharashtra Cricket Association's International Stadium,22 April 2017
33,Lockie Ferguson,4,44,0,0,GL,Saurashtra Cricket Association Stadium,14 April 2017
34,Basil Thampi,4,44,0,0,PBKS,Saurashtra Cricket Association Stadium,23 April 2017
35,Basil Thampi,4,44,1,24,KKR,Eden Gardens,21 April 2017
36,Shane Watson,4,44,1,24,RPS,M. Chinnaswamy Stadium,16 April 2017
37,Kuldeep Yadav,4,43,0,0,SRH,Rajiv Gandhi Intl. Cricket Stadium,30 April 2017
38,Varun Aaron,4,43,0,0,GL,IS Bindra Stadium,07 May 2017
39,James Faulkner,4,43,0,0,PBKS,IS Bindra Stadium,07 May 2017
40,Adam Milne,4,43,1,24,GL,Saurashtra Cricket Association Stadium,18 April 2017
41,Pradeep Sangwan,4,43,1,24,DC,Arun Jaitley Stadium,04 May 2017
42,Shane Watson,4,43,1,24,PBKS,M. Chinnaswamy Stadium,05 May 2017
43,Harshal Patel,4,43,3,8,DC,Arun Jaitley Stadium,14 May 2017
44,Basil Thampi,3.4,43,1,22,DC,Green Park,10 May 2017
45,Mohammed Siraj,4,42,0,0,RPS,Maharashtra Cricket Association's International Stadium,22 April 2017
46,Sunil Narine,4,42,0,0,GL,Eden Gardens,21 April 2017
47,KC Cariappa,4,42,0,0,SRH,IS Bindra Stadium,28 April 2017
48,Shubham Agarwal,4,42,1,24,PBKS,Saurashtra Cricket Association Stadium,23 April 2017
49,Mitchell McClenaghan,4,42,1,24,SRH,Wankhede Stadium,12 April 2017
50,Sandeep Sharma,4,42,1,24,MI,Wankhede Stadium,11 May 2017
51,Rashid Khan,4,42,2,12,PBKS,Rajiv Gandhi Intl. Cricket Stadium,17 April 2017
52,Ashish Nehra,4,42,2,12,RCB,Rajiv Gandhi Intl. Cricket Stadium,05 April 2017
53,Ashish Nehra,4,42,3,8,PBKS,IS Bindra Stadium,28 April 2017
54,Dhawal Kulkarni,2.5,42,0,0,KKR,Saurashtra Cricket Association Stadium,07 April 2017
55,Billy Stanlake,4,41,0,0,PBKS,Holkar Cricket Stadium,10 April 2017
56,Ben Stokes,4,41,0,0,DC,Maharashtra Cricket Association's International Stadium,11 April 2017
57,Ishant Sharma,4,41,0,0,SRH,IS Bindra Stadium,28 April 2017
58,Sandeep Sharma,4,41,1,24,DC,Arun Jaitley Stadium,15 April 2017
59,Jaydev Unadkat,4,41,1,24,SRH,Maharashtra Cricket Association's International Stadium,22 April 2017
60,Ben Cutting,4,41,1,24,KKR,Eden Gardens,15 April 2017
61,Mohammed Siraj,4,41,2,12,DC,Arun Jaitley Stadium,02 May 2017
62,Nathan Coulter-Nile,3.2,41,2,10,GL,Eden Gardens,21 April 2017
63,Shane Watson,3,41,0,0,SRH,Rajiv Gandhi Intl. Cricket Stadium,05 April 2017
64,Angelo Mathews,3,41,0,0,SRH,Rajiv Gandhi Intl. Cricket Stadium,19 April 2017
65,Nathan Coulter-Nile,3,41,0,0,RPS,Eden Gardens,03 May 2017
66,Umesh Yadav,4,40,0,0,MI,Eden Gardens,13 May 2017
67,Basil Thampi,4,40,1,24,DC,Arun Jaitley Stadium,04 May 2017
68,Trent Boult,4,40,1,24,GL,Saurashtra Cricket Association Stadium,07 April 2017
69,Ravindra Jadeja,4,40,1,24,RPS,Saurashtra Cricket Association Stadium,14 April 2017
70,Sandeep Sharma,4,40,2,12,GL,Saurashtra Cricket Association Stadium,23 April 2017
71,Jaydev Unadkat,4,40,2,12,MI,Wankhede Stadium,24 April 2017
72,Mohammad Shami,3,40,0,0,GL,Arun Jaitley Stadium,04 May 2017
73,Samuel Badree,3,40,0,0,KKR,M. Chinnaswamy Stadium,07 May 2017
74,Matt Henry,2,40,0,0,MI,Wankhede Stadium,11 May 2017
75,Jasprit Bumrah,4,39,0,0,RCB,M. Chinnaswamy Stadium,14 April 2017
76,Bhuvneshwar Kumar,4,39,0,0,RPS,Rajiv Gandhi Intl. Cricket Stadium,06 May 2017
77,Chris Woakes,4,39,1,24,RCB,M. Chinnaswamy Stadium,07 May 2017
78,Bipul Sharma,4,39,1,24,RPS,Rajiv Gandhi Intl. Cricket Stadium,06 May 2017
79,Yuzvendra Chahal,4,39,1,24,KKR,M. Chinnaswamy Stadium,07 May 2017
80,Jasprit Bumrah,4,39,1,24,KKR,Wankhede Stadium,09 April 2017
81,Bhuvneshwar Kumar,4,39,1,24,RPS,Maharashtra Cricket Association's International Stadium,22 April 2017
82,Karn Sharma,4,39,2,12,RPS,Wankhede Stadium,24 April 2017
83,Tim Southee,4,39,2,12,KKR,Eden Gardens,13 May 2017
84,Pat Cummins,4,39,2,12,KKR,Arun Jaitley Stadium,17 April 2017
85,Mohammed Siraj,4,39,2,12,DC,Rajiv Gandhi Intl. Cricket Stadium,19 April 2017
86,James Faulkner,4,39,2,12,DC,Green Park,10 May 2017
87,Sandeep Sharma,3,39,0,0,MI,Holkar Cricket Stadium,20 April 2017
88,Moises Henriques,3,39,0,0,PBKS,IS Bindra Stadium,28 April 2017
89,Chris Morris,3,39,0,0,KKR,Eden Gardens,28 April 2017
90,Corey Anderson,4,38,0,0,RCB,Arun Jaitley Stadium,14 May 2017
91,Zaheer Khan,4,38,0,0,PBKS,Arun Jaitley Stadium,15 April 2017
92,Carlos Brathwaite,4,38,1,24,GL,Green Park,10 May 2017
93,Rashid Khan,4,38,1,24,KKR,Rajiv Gandhi Intl. Cricket Stadium,30 April 2017
94,KC Cariappa,4,38,1,24,SRH,Rajiv Gandhi Intl. Cricket Stadium,17 April 2017
95,Umesh Yadav,4,38,1,24,DC,Eden Gardens,28 April 2017
96,Siddarth Kaul,4,38,1,24,DC,Arun Jaitley Stadium,02 May 2017
97,Pat Cummins,4,38,1,24,GL,Green Park,10 May 2017
98,James Faulkner,4,38,1,24,KKR,Eden Gardens,21 April 2017
99,Pradeep Sangwan,4,38,2,12,RPS,Maharashtra Cricket Association's International Stadium,01 May 2017
100,Chris Woakes,3,38,0,0,RPS,Maharashtra Cricket Association's International Stadium,26 April 2017
101,Colin de Grandhomme,4,37,0,0,PBKS,IS Bindra Stadium,09 May 2017
102,Zaheer Khan,4,37,0,0,SRH,Rajiv Gandhi Intl. Cricket Stadium,19 April 2017
103,Pradeep Sangwan,4,37,0,0,SRH,Green Park,13 May 2017
104,Sunil Narine,4,37,0,0,MI,Eden Gardens,13 May 2017
105,Pat Cummins,4,37,0,0,SRH,Rajiv Gandhi Intl. Cricket Stadium,19 April 2017
106,Mohit Sharma,4,37,1,24,DC,Arun Jaitley Stadium,15 April 2017
107,Amit Mishra,4,37,1,24,MI,Arun Jaitley Stadium,06 May 2017
108,Dhawal Kulkarni,4,37,1,24,RCB,Saurashtra Cricket Association Stadium,18 April 2017
109,Mohammad Shami,4,37,2,12,RPS,Arun Jaitley Stadium,12 May 2017
110,Shardul Thakur,4,37,3,8,MI,Wankhede Stadium,16 May 2017
111,Ankit Rajpoot,4,37,3,8,MI,Wankhede Stadium,09 April 2017
112,Sunil Narine,3,37,0,0,SRH,Rajiv Gandhi Intl. Cricket Stadium,30 April 2017
113,Zaheer Khan,4,36,0,0,MI,Wankhede Stadium,22 April 2017
114,Ben Stokes,4,36,0,0,GL,Maharashtra Cricket Association's International Stadium,01 May 2017
115,Chris Morris,4,36,0,0,SRH,Arun Jaitley Stadium,02 May 2017
116,Mitchell McClenaghan,4,36,0,0,RPS,Wankhede Stadium,24 April 2017
117,Trent Boult,4,36,0,0,PBKS,Eden Gardens,13 April 2017
118,Ben Stokes,4,36,1,24,MI,Maharashtra Cricket Association's International Stadium,06 April 2017
119,Yuzvendra Chahal,4,36,1,24,MI,Wankhede Stadium,01 May 2017
120,Hardik Pandya,4,36,1,24,RPS,Maharashtra Cricket Association's International Stadium,06 April 2017
121,Axar Patel,4,36,1,24,KKR,Eden Gardens,13 April 2017
122,Imran Tahir,4,36,1,24,KKR,Eden Gardens,03 May 2017
123,Mitchell McClenaghan,4,36,1,24,RPS,Maharashtra Cricket Association's International Stadium,06 April 2017
124,Piyush Chawla,4,36,1,24,RPS,Maharashtra Cricket Association's International Stadium,26 April 2017
125,Mohammad Shami,4,36,1,24,GL,Green Park,10 May 2017
126,Lasith Malinga,4,36,2,12,KKR,Wankhede Stadium,09 April 2017
127,Axar Patel,4,36,2,12,GL,Saurashtra Cricket Association Stadium,23 April 2017
128,Rashid Khan,4,36,2,12,RCB,Rajiv Gandhi Intl. Cricket Stadium,05 April 2017
129,Mohammad Shami,4,36,2,12,SRH,Arun Jaitley Stadium,02 May 2017
130,Siddarth Kaul,4,36,3,8,PBKS,IS Bindra Stadium,28 April 2017
131,Umesh Yadav,4,36,3,8,RCB,M. Chinnaswamy Stadium,07 May 2017
132,Tymal Mills,3.5,36,0,0,MI,M. Chinnaswamy Stadium,14 April 2017
133,Amit Mishra,3,36,0,0,KKR,Eden Gardens,28 April 2017
134,Ashok Dinda,3,36,0,0,DC,Maharashtra Cricket Association's International Stadium,11 April 2017
135,Sreenath Aravind,3,36,0,0,SRH,Rajiv Gandhi Intl. Cricket Stadium,05 April 2017
136,Corey Anderson,3,36,1,18,GL,Arun Jaitley Stadium,04 May 2017
137,Piyush Chawla,3,36,1,18,PBKS,Eden Gardens,13 April 2017
138,Iqbal Abdulla,3,36,2,9,DC,M. Chinnaswamy Stadium,08 April 2017
139,Moises Henriques,2.1,36,0,0,DC,Arun Jaitley Stadium,02 May 2017
140,Mohit Sharma,4,35,0,0,GL,IS Bindra Stadium,07 May 2017
141,Adam Milne,4,35,0,0,RPS,Maharashtra Cricket Association's International Stadium,29 April 2017
142,Kuldeep Yadav,4,35,1,24,MI,Wankhede Stadium,09 April 2017
143,Munaf Patel,4,35,1,24,MI,Wankhede Stadium,16 April 2017
144,Ashish Nehra,4,35,1,24,KKR,Eden Gardens,15 April 2017
145,Kuldeep Yadav,4,35,1,24,RPS,Eden Gardens,03 May 2017
146,Sandeep Sharma,4,35,1,24,SRH,Rajiv Gandhi Intl. Cricket Stadium,17 April 2017
147,Basil Thampi,4,35,2,12,RPS,Maharashtra Cricket Association's International Stadium,01 May 2017
148,Andrew Tye,4,35,2,12,PBKS,Saurashtra Cricket Association Stadium,23 April 2017
149,Shardul Thakur,4,35,3,8,RCB,M. Chinnaswamy Stadium,16 April 2017
150,Ben Cutting,3.4,35,0,0,RCB,Rajiv Gandhi Intl. Cricket Stadium,05 April 2017