POS,Player,Ov,Runs,Wkts,SR,Against,Venue,Match Date
1,Sandeep Sharma,4,65,1,24,SRH,Rajiv Gandhi Intl. Cricket Stadium,14 May 2014
2,Parvinder Awana,4,59,2,12,CSK,Wankhede Stadium,30 May 2014
3,Beuran Hendricks,4,57,0,0,RR,IS Bindra Stadium,23 May 2014
4,Amit Mishra,4,56,2,12,PBKS,Sharjah Cricket Stadium,22 April 2014
5,Harshal Patel,3,56,2,9,PBKS,M. Chinnaswamy Stadium,09 May 2014
6,Amit Mishra,4,54,0,0,MI,Dubai International Stadium,30 April 2014
7,Karanveer Singh,4,54,4,6,KKR,M. Chinnaswamy Stadium,01 June 2014
8,James Faulkner,3.4,54,0,0,MI,Wankhede Stadium,25 May 2014
9,Dale Steyn,4,51,0,0,PBKS,Rajiv Gandhi Intl. Cricket Stadium,14 May 2014
10,Ashok Dinda,4,51,0,0,DC,Sharjah Cricket Stadium,17 April 2014
11,Murali Kartik,4,51,1,24,RR,Sharjah Cricket Stadium,20 April 2014
12,Mohit Sharma,4,51,1,24,DC,Arun Jaitley Stadium,05 May 2014
13,Ashish Nehra,4,51,2,12,PBKS,Wankhede Stadium,30 May 2014
14,Yuzvendra Chahal,4,50,0,0,KKR,Eden Gardens,22 May 2014
15,Dhawal Kulkarni,4,50,1,24,PBKS,Sharjah Cricket Stadium,20 April 2014
16,Krishmar Santokie,4,50,2,12,RR,Narendra Modi Stadium,19 May 2014
17,Ravindra Jadeja,4,48,0,0,PBKS,Wankhede Stadium,30 May 2014
18,Imran Tahir,4,48,0,0,RCB,M. Chinnaswamy Stadium,13 May 2014
19,James Faulkner,4,47,0,0,MI,Narendra Modi Stadium,19 May 2014
20,Mitchell Johnson,4,47,0,0,CSK,Zayed Cricket Stadium,18 April 2014
21,Jaydev Unadkat,3.4,47,0,0,CSK,Arun Jaitley Stadium,05 May 2014
22,Lakshmipathy Balaji,4,46,0,0,RR,Sharjah Cricket Stadium,20 April 2014
23,Karn Sharma,4,46,1,24,PBKS,Rajiv Gandhi Intl. Cricket Stadium,14 May 2014
24,Mohit Sharma,4,46,1,24,PBKS,Wankhede Stadium,30 May 2014
25,Sunil Narine,4,46,1,24,PBKS,M. Chinnaswamy Stadium,01 June 2014
26,Yuzvendra Chahal,4,45,1,24,DC,M. Chinnaswamy Stadium,13 May 2014
27,Mohammad Shami,4,45,1,24,CSK,Zayed Cricket Stadium,21 April 2014
28,Umesh Yadav,4,45,1,24,RCB,Eden Gardens,22 May 2014
29,James Faulkner,3.4,45,1,22,PBKS,Sharjah Cricket Stadium,20 April 2014
30,Rishi Dhawan,4,44,0,0,KKR,Eden Gardens,28 May 2014
31,Rahul Shukla,4,44,0,0,RR,Narendra Modi Stadium,15 May 2014
32,Vinay Kumar,4,44,0,0,RCB,Eden Gardens,22 May 2014
33,Mitchell Johnson,4,44,1,24,CSK,Wankhede Stadium,30 May 2014
34,Ravichandran Ashwin,4,44,1,24,PBKS,Wankhede Stadium,30 May 2014
35,Piyush Chawla,4,44,2,12,PBKS,M. Chinnaswamy Stadium,01 June 2014
36,Dale Steyn,4,43,0,0,CSK,JSCA Stadium,22 May 2014
37,Jaydev Unadkat,4,43,0,0,SRH,Dubai International Stadium,25 April 2014
38,Ravindra Jadeja,4,43,0,0,PBKS,Zayed Cricket Stadium,18 April 2014
39,Dale Steyn,4,43,0,0,KKR,Eden Gardens,24 May 2014
40,Harbhajan Singh,4,43,1,24,RR,Wankhede Stadium,25 May 2014
41,Shakib Al Hasan,4,43,1,24,PBKS,Eden Gardens,28 May 2014
42,Mitchell Starc,4,43,2,12,PBKS,M. Chinnaswamy Stadium,09 May 2014
43,Kane Richardson,4,43,2,12,RCB,M. Chinnaswamy Stadium,11 May 2014
44,Lakshmipathy Balaji,4,43,2,12,CSK,Zayed Cricket Stadium,18 April 2014
45,Parvinder Awana,3.3,43,0,0,KKR,M. Chinnaswamy Stadium,01 June 2014
46,Lakshmipathy Balaji,3,43,2,9,RCB,M. Chinnaswamy Stadium,09 May 2014
47,Rishi Dhawan,4,42,0,0,DC,Arun Jaitley Stadium,19 May 2014
48,Mohammad Shami,4,42,0,0,CSK,Arun Jaitley Stadium,05 May 2014
49,James Faulkner,4,42,1,24,RCB,M. Chinnaswamy Stadium,11 May 2014
50,Piyush Chawla,4,42,1,24,CSK,Eden Gardens,20 May 2014
51,Vinay Kumar,4,42,2,12,RR,Narendra Modi Stadium,05 May 2014
52,Rishi Dhawan,4,42,2,12,SRH,Rajiv Gandhi Intl. Cricket Stadium,14 May 2014
53,Mohit Sharma,4,42,3,8,MI,Brabourne Stadium,28 May 2014
54,Wayne Parnell,3.4,42,0,0,PBKS,Arun Jaitley Stadium,19 May 2014
55,Ravindra Jadeja,3.4,42,1,22,SRH,JSCA Stadium,22 May 2014
56,Dhawal Kulkarni,3,42,2,9,MI,Wankhede Stadium,25 May 2014
57,Kieron Pollard,2.3,42,1,15,CSK,Wankhede Stadium,10 May 2014
58,Ishwar Pandey,4,41,0,0,PBKS,Barabati Stadium,07 May 2014
59,Lakshmipathy Balaji,4,41,0,0,KKR,M. Chinnaswamy Stadium,01 June 2014
60,Rahul Shukla,4,41,1,24,RCB,M. Chinnaswamy Stadium,13 May 2014
61,Varun Aaron,4,41,1,24,MI,Wankhede Stadium,06 May 2014
62,Mitchell Johnson,4,41,2,12,KKR,M. Chinnaswamy Stadium,01 June 2014
63,Ravichandran Ashwin,4,41,2,12,PBKS,Zayed Cricket Stadium,18 April 2014
64,Morne Morkel,4,41,2,12,DC,Dubai International Stadium,19 April 2014
65,Shadab Jakati,3.4,41,0,0,CSK,M. Chinnaswamy Stadium,24 May 2014
66,Varun Aaron,2.5,41,0,0,RR,M. Chinnaswamy Stadium,11 May 2014
67,Morne Morkel,4,40,0,0,PBKS,M. Chinnaswamy Stadium,01 June 2014
68,Murali Kartik,4,40,0,0,CSK,Barabati Stadium,07 May 2014
69,Axar Patel,4,40,0,0,SRH,Rajiv Gandhi Intl. Cricket Stadium,14 May 2014
70,Bhuvneshwar Kumar,4,40,0,0,DC,Dubai International Stadium,25 April 2014
71,Axar Patel,4,40,0,0,MI,Wankhede Stadium,03 May 2014
72,Krishmar Santokie,4,40,1,24,PBKS,IS Bindra Stadium,21 May 2014
73,Morne Morkel,4,40,1,24,RR,Zayed Cricket Stadium,29 April 2014
74,Abu Nechim,4,40,1,24,DC,M. Chinnaswamy Stadium,13 May 2014
75,Parvinder Awana,4,40,1,24,RR,Sharjah Cricket Stadium,20 April 2014
76,Umesh Yadav,4,40,1,24,RCB,Sharjah Cricket Stadium,24 April 2014
77,Karanveer Singh,4,40,3,8,KKR,Eden Gardens,28 May 2014
78,Jasprit Bumrah,3.4,40,0,0,CSK,Brabourne Stadium,28 May 2014
79,Dale Steyn,4,39,0,0,RCB,M. Chinnaswamy Stadium,04 May 2014
80,Morne Morkel,4,39,0,0,SRH,Rajiv Gandhi Intl. Cricket Stadium,18 May 2014
81,Rajat Bhatia,4,39,0,0,MI,Narendra Modi Stadium,19 May 2014
82,Ravichandran Ashwin,4,39,1,24,RR,JSCA Stadium,13 May 2014
83,Mohammad Shami,4,39,1,24,PBKS,Arun Jaitley Stadium,19 May 2014
84,Umesh Yadav,4,39,1,24,PBKS,M. Chinnaswamy Stadium,01 June 2014
85,Kane Richardson,4,39,1,24,DC,Arun Jaitley Stadium,03 May 2014
86,Ashok Dinda,4,39,1,24,SRH,M. Chinnaswamy Stadium,04 May 2014
87,Ben Hilfenhaus,4,39,2,12,MI,Dubai International Stadium,25 April 2014
88,Glenn Maxwell,3,39,0,0,RCB,Dubai International Stadium,28 April 2014
89,James Faulkner,3,39,1,18,PBKS,IS Bindra Stadium,23 May 2014
90,Amit Mishra,4,38,0,0,KKR,Rajiv Gandhi Intl. Cricket Stadium,18 May 2014
91,Wayne Parnell,4,38,0,0,SRH,Dubai International Stadium,25 April 2014
92,Pawan Negi,4,38,0,0,SRH,JSCA Stadium,22 May 2014
93,Amit Mishra,4,38,0,0,DC,Dubai International Stadium,25 April 2014
94,Pravin Tambe,4,38,1,24,RCB,M. Chinnaswamy Stadium,11 May 2014
95,Jacques Kallis,4,38,1,24,DC,Arun Jaitley Stadium,07 May 2014
96,Lakshmipathy Balaji,4,38,1,24,MI,Wankhede Stadium,03 May 2014
97,Ashok Dinda,4,38,1,24,KKR,Eden Gardens,22 May 2014
98,Sunil Narine,4,38,1,24,DC,Arun Jaitley Stadium,07 May 2014
99,Kevon Cooper,4,38,2,12,MI,Wankhede Stadium,25 May 2014
100,Mohit Sharma,4,38,2,12,PBKS,Barabati Stadium,07 May 2014
101,Karn Sharma,4,38,4,6,KKR,Eden Gardens,24 May 2014
102,Bhuvneshwar Kumar,3.4,38,1,22,PBKS,Rajiv Gandhi Intl. Cricket Stadium,14 May 2014
103,Jacques Kallis,3,38,0,0,PBKS,Barabati Stadium,11 May 2014
104,Ben Hilfenhaus,3,38,0,0,KKR,Eden Gardens,20 May 2014
105,Rajat Bhatia,3,38,0,0,PBKS,Sharjah Cricket Stadium,20 April 2014
106,Ashok Dinda,3,38,1,18,MI,Wankhede Stadium,06 May 2014
107,James Faulkner,3,38,1,18,CSK,Dubai International Stadium,23 April 2014
108,David Hussey,2.5,38,2,8.5,RCB,JSCA Stadium,18 May 2014
109,Ravichandran Ashwin,2,38,0,0,PBKS,Barabati Stadium,07 May 2014
110,Karn Sharma,4,37,0,0,PBKS,Sharjah Cricket Stadium,22 April 2014
111,Kieron Pollard,4,37,0,0,RCB,Wankhede Stadium,06 May 2014
112,Mitchell Johnson,4,37,0,0,MI,Wankhede Stadium,03 May 2014
113,Lakshmipathy Balaji,4,37,1,24,RR,IS Bindra Stadium,23 May 2014
114,Siddarth Kaul,4,37,1,24,RCB,M. Chinnaswamy Stadium,13 May 2014
115,Sandeep Sharma,4,37,1,24,CSK,Barabati Stadium,07 May 2014
116,Mitchell Johnson,4,37,2,12,CSK,Barabati Stadium,07 May 2014
117,Ishant Sharma,4,37,2,12,CSK,Sharjah Cricket Stadium,27 April 2014
118,Imran Tahir,4,37,3,8,MI,Wankhede Stadium,23 May 2014
119,Bhuvneshwar Kumar,3.4,37,0,0,KKR,Rajiv Gandhi Intl. Cricket Stadium,18 May 2014
120,James Faulkner,3.4,37,1,22,CSK,JSCA Stadium,13 May 2014
121,Ravindra Jadeja,3,37,0,0,PBKS,Barabati Stadium,07 May 2014
122,Sandeep Sharma,3,37,0,0,MI,IS Bindra Stadium,21 May 2014
123,Pawan Negi,3,37,0,0,PBKS,Zayed Cricket Stadium,18 April 2014
124,Ashok Dinda,3,37,0,0,RR,M. Chinnaswamy Stadium,11 May 2014
125,Kieron Pollard,4,36,0,0,SRH,Dubai International Stadium,30 April 2014
126,Jasprit Bumrah,4,36,0,0,DC,Wankhede Stadium,23 May 2014
127,Mohammad Shami,4,36,0,0,SRH,Dubai International Stadium,25 April 2014
128,Mohammad Shami,4,36,0,0,MI,Sharjah Cricket Stadium,27 April 2014
129,Bhuvneshwar Kumar,4,36,0,0,CSK,JSCA Stadium,22 May 2014
130,Pravin Tambe,4,36,0,0,PBKS,IS Bindra Stadium,23 May 2014
131,Ben Hilfenhaus,4,36,1,24,PBKS,Barabati Stadium,07 May 2014
132,Varun Aaron,4,36,2,12,SRH,Rajiv Gandhi Intl. Cricket Stadium,20 May 2014
133,Beuran Hendricks,4,36,3,8,DC,Arun Jaitley Stadium,19 May 2014
134,Jaydev Unadkat,3.3,36,0,0,RR,Arun Jaitley Stadium,03 May 2014
135,Dwayne Smith,3,36,1,18,PBKS,Barabati Stadium,07 May 2014
136,Shreyas Gopal,3,36,1,18,RR,Wankhede Stadium,25 May 2014
137,Moises Henriques,2,36,0,0,PBKS,Rajiv Gandhi Intl. Cricket Stadium,14 May 2014
138,Shane Watson,4,35,0,0,RCB,M. Chinnaswamy Stadium,11 May 2014
139,Vinay Kumar,4,35,0,0,DC,Dubai International Stadium,19 April 2014
140,Parveez Rasool,4,35,0,0,CSK,JSCA Stadium,22 May 2014
141,Varun Aaron,4,35,1,24,PBKS,M. Chinnaswamy Stadium,09 May 2014
142,Karn Sharma,4,35,1,24,CSK,Sharjah Cricket Stadium,27 April 2014
143,Ishwar Pandey,4,35,1,24,PBKS,Wankhede Stadium,30 May 2014
144,Wayne Parnell,4,35,1,24,RR,Arun Jaitley Stadium,03 May 2014
145,Morne Morkel,4,35,2,12,MI,Barabati Stadium,14 May 2014
146,Lasith Malinga,4,35,2,12,SRH,Rajiv Gandhi Intl. Cricket Stadium,12 May 2014
147,Shahbaz Nadeem,4,35,2,12,RR,Narendra Modi Stadium,15 May 2014
148,Sandeep Sharma,4,35,3,8,DC,Arun Jaitley Stadium,19 May 2014
149,Yuvraj Singh,4,35,4,6,RR,M. Chinnaswamy Stadium,11 May 2014
150,Corey Anderson,3,35,0,0,CSK,Brabourne Stadium,28 May 2014