POS,Player,Runs,BF,SR,4s,6s,Against,Venue,Match Date
1,Jonny Bairstow,114,56,203.57,12,7,RCB,Rajiv Gandhi Intl. Cricket Stadium,31 March 2019
2,Prithvi Shaw,99,55,180,12,3,KKR,Arun Jaitley Stadium,30 March 2019
3,Ajinkya Rahane,105,63,166.66,11,3,DC,Sawai Mansingh Stadium,22 April 2019
4,Shikhar Dhawan,97,63,153.96,11,2,KKR,Eden Gardens,12 April 2019
5,David Warner,50,25,200,10,0,CSK,Rajiv Gandhi Intl. Cricket Stadium,17 April 2019
6,Sanju Samson,102,55,185.45,10,4,SRH,Rajiv Gandhi Intl. Cricket Stadium,29 March 2019
7,Faf du Plessis,96,55,174.54,10,4,PBKS,IS Bindra Stadium,05 May 2019
8,Jos Buttler,69,43,160.46,10,2,PBKS,Sawai Mansingh Stadium,25 March 2019
9,Chris Gayle,99,64,154.68,10,5,RCB,IS Bindra Stadium,13 April 2019
10,Suryakumar Yadav,71,54,131.48,10,0,CSK,Chidambaram,07 May 2019
11,David Warner,69,37,186.48,9,2,RR,Rajiv Gandhi Intl. Cricket Stadium,29 March 2019
12,Nitish Rana,85,46,184.78,9,5,RCB,Eden Gardens,19 April 2019
13,Shane Watson,96,53,181.13,9,6,SRH,Chidambaram,23 April 2019
14,Virat Kohli,100,58,172.41,9,4,KKR,Eden Gardens,19 April 2019
15,Jonny Bairstow,48,28,171.42,9,1,DC,Arun Jaitley Stadium,04 April 2019
16,Virat Kohli,84,49,171.42,9,2,KKR,M. Chinnaswamy Stadium,05 April 2019
17,Manish Pandey,61,36,169.44,9,0,RR,Sawai Mansingh Stadium,27 April 2019
18,Parthiv Patel,67,41,163.41,9,1,RR,Sawai Mansingh Stadium,02 April 2019
19,David Warner,85,53,160.37,9,3,KKR,Eden Gardens,24 March 2019
20,Jos Buttler,89,43,206.97,8,7,MI,Wankhede Stadium,13 April 2019
21,Shikhar Dhawan,54,27,200,8,2,RR,Sawai Mansingh Stadium,22 April 2019
22,Chris Lynn,54,29,186.2,8,2,MI,Eden Gardens,28 April 2019
23,Chris Gayle,79,47,168.08,8,4,RR,Sawai Mansingh Stadium,25 March 2019
24,Suresh Raina,59,37,159.45,8,1,DC,Chidambaram,01 May 2019
25,Steve Smith,50,32,156.25,8,0,DC,Sawai Mansingh Stadium,22 April 2019
26,Manish Pandey,71,47,151.06,8,2,MI,Wankhede Stadium,02 May 2019
27,Rohit Sharma,48,33,145.45,8,1,RCB,M. Chinnaswamy Stadium,28 March 2019
28,Nitish Rana,68,47,144.68,8,3,SRH,Eden Gardens,24 March 2019
29,Suryakumar Yadav,59,43,137.2,8,1,CSK,Wankhede Stadium,03 April 2019
30,Jos Buttler,59,43,137.2,8,1,RCB,Sawai Mansingh Stadium,02 April 2019
31,Shane Watson,80,59,135.59,8,4,MI,Rajiv Gandhi Intl. Cricket Stadium,12 May 2019
32,Gurkeerat Mann Singh,65,48,135.41,8,1,SRH,M. Chinnaswamy Stadium,04 May 2019
33,Shreyas Iyer,67,50,134,8,2,RCB,M. Chinnaswamy Stadium,07 April 2019
34,Virat Kohli,67,53,126.41,8,0,PBKS,IS Bindra Stadium,13 April 2019
35,Rohit Sharma,55,48,114.58,8,0,KKR,Wankhede Stadium,05 May 2019
36,Kedar Jadhav,58,54,107.4,8,1,MI,Wankhede Stadium,03 April 2019
37,Rishabh Pant,78,27,288.88,7,7,MI,Wankhede Stadium,24 March 2019
38,Sam Curran,55,24,229.16,7,2,KKR,IS Bindra Stadium,03 May 2019
39,KL Rahul,71,36,197.22,7,5,CSK,IS Bindra Stadium,05 May 2019
40,Parthiv Patel,39,20,195,7,1,DC,Arun Jaitley Stadium,28 April 2019
41,Dinesh Karthik,97,50,194,7,9,RR,Eden Gardens,25 April 2019
42,Jonny Bairstow,80,43,186.04,7,4,KKR,Rajiv Gandhi Intl. Cricket Stadium,21 April 2019
43,Parthiv Patel,43,24,179.16,7,2,PBKS,M. Chinnaswamy Stadium,24 April 2019
44,Manish Pandey,83,49,169.38,7,3,CSK,Chidambaram,23 April 2019
45,Shubman Gill,65,39,166.66,7,2,DC,Eden Gardens,12 April 2019
46,Chris Lynn,82,51,160.78,7,6,CSK,Eden Gardens,14 April 2019
47,KL Rahul,42,27,155.55,7,1,RCB,M. Chinnaswamy Stadium,24 April 2019
48,Colin Ingram,47,32,146.87,7,1,MI,Wankhede Stadium,24 March 2019
49,David Warner,81,56,144.64,7,2,PBKS,Rajiv Gandhi Intl. Cricket Stadium,29 April 2019
50,Suresh Raina,58,42,138.09,7,1,KKR,Eden Gardens,14 April 2019
51,Shikhar Dhawan,56,41,136.58,7,1,PBKS,Arun Jaitley Stadium,20 April 2019
52,KL Rahul,71,53,133.96,7,1,SRH,IS Bindra Stadium,08 April 2019
53,Faf du Plessis,50,39,128.2,7,1,DC,ACA-VDCA Stadium,10 May 2019
54,Steve Smith,73,59,123.72,7,1,KKR,Sawai Mansingh Stadium,07 April 2019
55,Shikhar Dhawan,51,47,108.51,7,0,CSK,Arun Jaitley Stadium,26 March 2019
56,Hardik Pandya,91,34,267.64,6,9,KKR,Eden Gardens,28 April 2019
57,Rishabh Pant,78,36,216.66,6,4,RR,Sawai Mansingh Stadium,22 April 2019
58,Andre Russell,80,40,200,6,8,MI,Eden Gardens,28 April 2019
59,Sunil Narine,47,25,188,6,3,RR,Sawai Mansingh Stadium,07 April 2019
60,Chris Gayle,69,37,186.48,6,5,DC,Arun Jaitley Stadium,20 April 2019
61,Sanju Samson,35,19,184.21,6,1,MI,Sawai Mansingh Stadium,20 April 2019
62,Ajinkya Rahane,37,21,176.19,6,1,MI,Wankhede Stadium,13 April 2019
63,Mayank Agarwal,58,34,170.58,6,1,KKR,Eden Gardens,27 March 2019
64,Shubman Gill,76,45,168.88,6,4,MI,Eden Gardens,28 April 2019
65,Jonny Bairstow,45,28,160.71,6,1,RR,Rajiv Gandhi Intl. Cricket Stadium,29 March 2019
66,Sarfaraz Khan,46,29,158.62,6,1,RR,Sawai Mansingh Stadium,25 March 2019
67,Suresh Raina,38,24,158.33,6,1,SRH,Chidambaram,23 April 2019
68,KL Rahul,100,64,156.25,6,6,MI,Wankhede Stadium,10 April 2019
69,Chris Lynn,50,32,156.25,6,3,RR,Sawai Mansingh Stadium,07 April 2019
70,Quinton de Kock,81,52,155.76,6,4,RR,Wankhede Stadium,13 April 2019
71,Quinton de Kock,60,39,153.84,6,2,PBKS,IS Bindra Stadium,30 March 2019
72,Prithvi Shaw,56,38,147.36,6,2,SRH,ACA-VDCA Stadium,08 May 2019
73,AB de Villiers,75,51,147.05,6,4,MI,Wankhede Stadium,15 April 2019
74,Rohit Sharma,47,32,146.87,6,1,RR,Wankhede Stadium,13 April 2019
75,Virat Kohli,46,32,143.75,6,0,MI,M. Chinnaswamy Stadium,28 March 2019
76,Rohit Sharma,67,48,139.58,6,3,CSK,Chidambaram,26 April 2019
77,Quinton de Kock,65,47,138.29,6,2,RR,Sawai Mansingh Stadium,20 April 2019
78,Sarfaraz Khan,39,29,134.48,6,0,DC,IS Bindra Stadium,01 April 2019
79,Robin Uthappa,67,50,134,6,2,PBKS,Eden Gardens,27 March 2019
80,Robin Uthappa,33,25,132,6,0,RCB,M. Chinnaswamy Stadium,05 April 2019
81,KL Rahul,71,57,124.56,6,1,MI,IS Bindra Stadium,30 March 2019
82,Quinton de Kock,69,58,118.96,6,2,SRH,Wankhede Stadium,02 May 2019
83,David Warner,70,62,112.9,6,1,PBKS,IS Bindra Stadium,08 April 2019
84,Moeen Ali,66,28,235.71,5,6,KKR,Eden Gardens,19 April 2019
85,Hardik Pandya,37,16,231.25,5,2,RCB,Wankhede Stadium,15 April 2019
86,Krunal Pandya,32,15,213.33,5,1,DC,Wankhede Stadium,24 March 2019
87,Chris Lynn,46,22,209.09,5,3,PBKS,IS Bindra Stadium,03 May 2019
88,AB de Villiers,63,32,196.87,5,4,KKR,M. Chinnaswamy Stadium,05 April 2019
89,Ravindra Jadeja,31,17,182.35,5,0,KKR,Eden Gardens,14 April 2019
90,David Warner,100,55,181.81,5,5,RCB,Rajiv Gandhi Intl. Cricket Stadium,31 March 2019
91,Rohit Sharma,32,18,177.77,5,0,PBKS,IS Bindra Stadium,30 March 2019
92,MS Dhoni,84,48,175,5,7,RCB,M. Chinnaswamy Stadium,21 April 2019
93,Suryakumar Yadav,46,27,170.37,5,2,KKR,Wankhede Stadium,05 May 2019
94,Wriddhiman Saha,25,15,166.66,5,0,MI,Wankhede Stadium,02 May 2019
95,Mayank Agarwal,35,21,166.66,5,1,RCB,M. Chinnaswamy Stadium,24 April 2019
96,Kane Williamson,70,43,162.79,5,4,RCB,M. Chinnaswamy Stadium,04 May 2019
97,Moeen Ali,26,16,162.5,5,0,CSK,M. Chinnaswamy Stadium,21 April 2019
98,Rahul Tripathi,39,24,162.5,5,1,CSK,Chidambaram,31 March 2019
99,Ajinkya Rahane,34,21,161.9,5,1,KKR,Eden Gardens,25 April 2019
100,Shikhar Dhawan,35,22,159.09,5,1,MI,Arun Jaitley Stadium,18 April 2019
101,AB de Villiers,59,38,155.26,5,2,PBKS,IS Bindra Stadium,13 April 2019
102,Quinton de Kock,40,26,153.84,5,2,RCB,Wankhede Stadium,15 April 2019
103,Riyan Parag,47,31,151.61,5,2,KKR,Eden Gardens,25 April 2019
104,Yuvraj Singh,53,35,151.42,5,3,DC,Wankhede Stadium,24 March 2019
105,Faf du Plessis,24,16,150,5,0,KKR,Eden Gardens,14 April 2019
106,Prithvi Shaw,24,16,150,5,0,CSK,Arun Jaitley Stadium,26 March 2019
107,Riyan Parag,43,29,148.27,5,1,MI,Sawai Mansingh Stadium,20 April 2019
108,David Miller,59,40,147.5,5,3,KKR,Eden Gardens,27 March 2019
109,Krunal Pandya,37,26,142.3,5,0,DC,Arun Jaitley Stadium,18 April 2019
110,Suresh Raina,53,38,139.47,5,2,PBKS,IS Bindra Stadium,05 May 2019
111,Dinesh Karthik,50,36,138.88,5,2,DC,Arun Jaitley Stadium,30 March 2019
112,Shikhar Dhawan,50,37,135.13,5,2,RCB,Arun Jaitley Stadium,28 April 2019
113,Rohit Sharma,24,18,133.33,5,0,SRH,Wankhede Stadium,02 May 2019
114,Shubman Gill,65,49,132.65,5,2,PBKS,IS Bindra Stadium,03 May 2019
115,Jonny Bairstow,41,31,132.25,5,1,DC,Rajiv Gandhi Intl. Cricket Stadium,14 April 2019
116,Krunal Pandya,42,32,131.25,5,1,CSK,Wankhede Stadium,03 April 2019
117,Prithvi Shaw,28,22,127.27,5,0,RCB,M. Chinnaswamy Stadium,07 April 2019
118,Shreyas Iyer,28,22,127.27,5,0,PBKS,IS Bindra Stadium,01 April 2019
119,Steve Smith,59,48,122.91,5,1,MI,Sawai Mansingh Stadium,20 April 2019
120,Shreyas Iyer,58,49,118.36,5,1,PBKS,Arun Jaitley Stadium,20 April 2019
121,Andre Russell,50,44,113.63,5,3,CSK,Chidambaram,09 April 2019
122,Shreyas Iyer,45,40,112.5,5,0,SRH,Rajiv Gandhi Intl. Cricket Stadium,14 April 2019
123,Jos Buttler,37,34,108.82,5,1,KKR,Sawai Mansingh Stadium,07 April 2019
124,Andre Russell,49,19,257.89,4,4,SRH,Eden Gardens,24 March 2019
125,Jos Buttler,23,10,230,4,1,CSK,Sawai Mansingh Stadium,11 April 2019
126,Chris Gayle,23,10,230,4,1,RCB,M. Chinnaswamy Stadium,24 April 2019
127,Andre Russell,62,28,221.42,4,6,DC,Arun Jaitley Stadium,30 March 2019
128,Mandeep Singh,33,15,220,4,1,KKR,Eden Gardens,27 March 2019
129,Colin Ingram,19,9,211.11,4,0,PBKS,Arun Jaitley Stadium,20 April 2019
130,Parthiv Patel,19,9,211.11,4,0,PBKS,IS Bindra Stadium,13 April 2019
131,Mayank Agarwal,43,21,204.76,4,2,MI,IS Bindra Stadium,30 March 2019
132,MS Dhoni,44,22,200,4,3,DC,Chidambaram,01 May 2019
133,Shreyas Gopal,18,9,200,4,0,KKR,Eden Gardens,25 April 2019
134,Suresh Raina,30,16,187.5,4,1,DC,Arun Jaitley Stadium,26 March 2019
135,Wriddhiman Saha,20,11,181.81,4,0,RCB,M. Chinnaswamy Stadium,04 May 2019
136,Prithvi Shaw,18,10,180,4,0,RCB,Arun Jaitley Stadium,28 April 2019
137,Marcus Stoinis,28,16,175,4,0,PBKS,IS Bindra Stadium,13 April 2019
138,AB de Villiers,70,41,170.73,4,6,MI,M. Chinnaswamy Stadium,28 March 2019
139,Shane Watson,44,26,169.23,4,3,DC,Arun Jaitley Stadium,26 March 2019
140,Liam Livingstone,44,26,169.23,4,3,SRH,Sawai Mansingh Stadium,27 April 2019
141,Quinton de Kock,27,16,168.75,4,1,DC,Wankhede Stadium,24 March 2019
142,Colin Munro,40,24,166.66,4,3,SRH,Rajiv Gandhi Intl. Cricket Stadium,14 April 2019
143,MS Dhoni,75,46,163.04,4,4,RR,Chidambaram,31 March 2019
144,MS Dhoni,37,23,160.86,4,1,PBKS,Chidambaram,06 April 2019
145,Shimron Hetmyer,75,47,159.57,4,6,SRH,M. Chinnaswamy Stadium,04 May 2019
146,Suryakumar Yadav,38,24,158.33,4,1,RCB,M. Chinnaswamy Stadium,28 March 2019
147,Akshdeep Nath,19,12,158.33,4,0,DC,M. Chinnaswamy Stadium,07 April 2019
148,Sanju Samson,48,32,150,4,1,SRH,Sawai Mansingh Stadium,27 April 2019
149,Rishabh Pant,46,31,148.38,4,2,KKR,Eden Gardens,12 April 2019
150,David Miller,43,30,143.33,4,2,DC,IS Bindra Stadium,01 April 2019